ProjectDescriptionID,catchRawID,trapVisitID,commonName,releaseID,run,fishOrigin,lifeStage,forkLength,n,visitTime,visitType,siteName,subSiteName,markType,markColor,markPosition,markCode
2,76938785,10586,Chinook salmon,931,Fall,Natural,Fry,36.0,1,2025-01-09T12:59:04Z,Continue trapping,Eye Riffle,Eye riffle_north,Elastomer,Pink,Nose,
2,76938786,10586,Chinook salmon,931,Fall,Natural,Fry,35.0,1,2025-01-09T12:59:04Z,Continue trapping,Eye Riffle,Eye riffle_north,Elastomer,Pink,Nose,
2,76938787,10586,Chinook salmon,931,Fall,Natural,Parr,39.0,1,2025-01-09T12:59:04Z,Continue trapping,Eye Riffle,Eye riffle_north,Elastomer,Pink,Nose,
2,76938788,10586,Chinook salmon,931,Fall,Natural,Parr,37.0,1,2025-01-09T12:59:04Z,Continue trapping,Eye Riffle,Eye riffle_north,Elastomer,Pink,Nose,
2,76938789,10586,Chinook salmon,931,Fall,Natural,Parr,36.0,1,2025-01-09T12:59:04Z,Continue trapping,Eye Riffle,Eye riffle_north,Elastomer,Pink,Nose,
2,76938790,10586,Chinook salmon,931,Fall,Natural,Parr,35.0,1,2025-01-09T12:59:04Z,Continue trapping,Eye Riffle,Eye riffle_north,Elastomer,Pink,Nose,
2,76938791,10586,Chinook salmon,931,Fall,Natural,Parr,37.0,1,2025-01-09T12:59:04Z,Continue trapping,Eye Riffle,Eye riffle_north,Elastomer,Pink,Nose,
2,76938792,10586,Chinook salmon,931,Fall,Natural,Parr,39.0,1,2025-01-09T12:59:04Z,Continue trapping,Eye Riffle,Eye riffle_north,Elastomer,Pink,Nose,
2,76938793,10586,Chinook salmon,931,Fall,Natural,Parr,36.0,1,2025-01-09T12:59:04Z,Continue trapping,Eye Riffle,Eye riffle_north,Elastomer,Pink,Nose,
2,76938794,10586,Chinook salmon,931,Fall,Natural,Parr,36.0,1,2025-01-09T12:59:04Z,Continue trapping,Eye Riffle,Eye riffle_north,Elastomer,Pink,Nose,
2,76938795,10586,Chinook salmon,931,Fall,Natural,Parr,38.0,1,2025-01-09T12:59:04Z,Continue trapping,Eye Riffle,Eye riffle_north,Elastomer,Pink,Nose,
2,76938796,10586,Chinook salmon,931,Fall,Natural,Parr,37.0,1,2025-01-09T12:59:04Z,Continue trapping,Eye Riffle,Eye riffle_north,Elastomer,Pink,Nose,
2,76938797,10586,Chinook salmon,931,Fall,Natural,Parr,36.0,1,2025-01-09T12:59:04Z,Continue trapping,Eye Riffle,Eye riffle_north,Elastomer,Pink,Nose,
2,76938798,10586,Chinook salmon,931,Fall,Natural,Parr,36.0,1,2025-01-09T12:59:04Z,Continue trapping,Eye Riffle,Eye riffle_north,Elastomer,Pink,Nose,
2,76938799,10586,Chinook salmon,931,Fall,Natural,Parr,36.0,1,2025-01-09T12:59:04Z,Continue trapping,Eye Riffle,Eye riffle_north,Elastomer,Pink,Nose,
2,76938800,10586,Chinook salmon,931,Fall,Natural,Parr,36.0,1,2025-01-09T12:59:04Z,Continue trapping,Eye Riffle,Eye riffle_north,Elastomer,Pink,Nose,
2,76938801,10586,Chinook salmon,931,Fall,Natural,Fry,37.0,1,2025-01-09T12:59:04Z,Continue trapping,Eye Riffle,Eye riffle_north,Elastomer,Pink,Nose,
2,76938875,10588,Chinook salmon,938,Fall,Natural,Parr,36.0,1,2025-01-09T10:38:43Z,Unplanned restart,Herringer Riffle,Herringer_Upper_west,Elastomer,White,Nose,
2,76938876,10588,Chinook salmon,938,Fall,Natural,Fry,37.0,1,2025-01-09T10:38:43Z,Unplanned restart,Herringer Riffle,Herringer_Upper_west,Elastomer,White,Nose,
2,76939085,10590,Chinook salmon,938,Fall,Natural,Parr,37.0,1,2025-01-09T10:52:34Z,Continue trapping,Herringer Riffle,Herringer_east,Elastomer,White,Nose,
2,76939086,10590,Chinook salmon,938,Fall,Natural,Fry,32.0,1,2025-01-09T10:52:34Z,Continue trapping,Herringer Riffle,Herringer_east,Elastomer,White,Nose,
2,76939087,10590,Chinook salmon,938,Fall,Natural,Fry,36.0,1,2025-01-09T10:52:34Z,Continue trapping,Herringer Riffle,Herringer_east,Elastomer,White,Nose,
2,76939088,10590,Chinook salmon,938,Fall,Natural,Fry,36.0,1,2025-01-09T10:52:34Z,Continue trapping,Herringer Riffle,Herringer_east,Elastomer,White,Nose,
2,76939089,10590,Chinook salmon,938,Fall,Natural,Fry,37.0,1,2025-01-09T10:52:34Z,Continue trapping,Herringer Riffle,Herringer_east,Elastomer,White,Nose,
2,76939090,10590,Chinook salmon,938,Fall,Natural,Fry,37.0,1,2025-01-09T10:52:34Z,Continue trapping,Herringer Riffle,Herringer_east,Elastomer,White,Nose,
2,76939091,10590,Chinook salmon,938,Fall,Natural,Fry,35.0,1,2025-01-09T10:52:34Z,Continue trapping,Herringer Riffle,Herringer_east,Elastomer,White,Nose,
2,76939092,10590,Chinook salmon,938,Fall,Natural,Fry,35.0,1,2025-01-09T10:52:34Z,Continue trapping,Herringer Riffle,Herringer_east,Elastomer,White,Nose,
2,76939093,10590,Chinook salmon,938,Fall,Natural,Parr,35.0,1,2025-01-09T10:52:34Z,Continue trapping,Herringer Riffle,Herringer_east,Elastomer,White,Nose,
2,76939270,10592,Chinook salmon,932,Fall,Natural,Fry,35.0,1,2025-01-11T08:21:17Z,Continue trapping,Eye Riffle,Eye riffle_north,Elastomer,Yellow,Nose,
2,76939271,10592,Chinook salmon,932,Fall,Natural,Fry,36.0,1,2025-01-11T08:21:17Z,Continue trapping,Eye Riffle,Eye riffle_north,Elastomer,Yellow,Nose,
2,76939272,10592,Chinook salmon,932,Fall,Natural,Fry,36.0,1,2025-01-11T08:21:17Z,Continue trapping,Eye Riffle,Eye riffle_north,Elastomer,Yellow,Nose,
2,76939273,10592,Chinook salmon,932,Fall,Natural,Fry,34.0,1,2025-01-11T08:21:17Z,Continue trapping,Eye Riffle,Eye riffle_north,Elastomer,Yellow,Nose,
2,76939274,10592,Chinook salmon,932,Fall,Natural,Fry,34.0,1,2025-01-11T08:21:17Z,Continue trapping,Eye Riffle,Eye riffle_north,Elastomer,Yellow,Nose,
2,76939275,10592,Chinook salmon,932,Fall,Natural,Fry,35.0,1,2025-01-11T08:21:17Z,Continue trapping,Eye Riffle,Eye riffle_north,Elastomer,Yellow,Nose,
2,76939276,10592,Chinook salmon,932,Fall,Natural,Fry,35.0,1,2025-01-11T08:21:17Z,Continue trapping,Eye Riffle,Eye riffle_north,Elastomer,Yellow,Nose,
2,76939277,10592,Chinook salmon,932,Fall,Natural,Fry,34.0,1,2025-01-11T08:21:17Z,Continue trapping,Eye Riffle,Eye riffle_north,Elastomer,Yellow,Nose,
2,76939278,10592,Chinook salmon,932,Fall,Natural,Fry,35.0,1,2025-01-11T08:21:17Z,Continue trapping,Eye Riffle,Eye riffle_north,Elastomer,Yellow,Nose,
2,76939279,10592,Chinook salmon,932,Fall,Natural,Fry,36.0,1,2025-01-11T08:21:17Z,Continue trapping,Eye Riffle,Eye riffle_north,Elastomer,Yellow,Nose,
2,76939280,10592,Chinook salmon,932,Fall,Natural,Fry,37.0,1,2025-01-11T08:21:17Z,Continue trapping,Eye Riffle,Eye riffle_north,Elastomer,Yellow,Nose,
2,76939281,10592,Chinook salmon,932,Fall,Natural,Fry,36.0,1,2025-01-11T08:21:17Z,Continue trapping,Eye Riffle,Eye riffle_north,Elastomer,Yellow,Nose,
2,76939282,10592,Chinook salmon,932,Fall,Natural,Fry,35.0,1,2025-01-11T08:21:17Z,Continue trapping,Eye Riffle,Eye riffle_north,Elastomer,Yellow,Nose,
2,76939283,10592,Chinook salmon,932,Fall,Natural,Fry,34.0,1,2025-01-11T08:21:17Z,Continue trapping,Eye Riffle,Eye riffle_north,Elastomer,Yellow,Nose,
2,76939284,10592,Chinook salmon,932,Fall,Natural,Fry,33.0,1,2025-01-11T08:21:17Z,Continue trapping,Eye Riffle,Eye riffle_north,Elastomer,Yellow,Nose,
2,76939285,10592,Chinook salmon,932,Fall,Natural,Fry,36.0,1,2025-01-11T08:21:17Z,Continue trapping,Eye Riffle,Eye riffle_north,Elastomer,Yellow,Nose,
2,76939286,10592,Chinook salmon,932,Fall,Natural,Fry,33.0,1,2025-01-11T08:21:17Z,Continue trapping,Eye Riffle,Eye riffle_north,Elastomer,Yellow,Nose,
2,76939287,10592,Chinook salmon,932,Fall,Natural,Fry,35.0,1,2025-01-11T08:21:17Z,Continue trapping,Eye Riffle,Eye riffle_north,Elastomer,Yellow,Nose,
2,76939288,10592,Chinook salmon,932,Fall,Natural,Fry,35.0,1,2025-01-11T08:21:17Z,Continue trapping,Eye Riffle,Eye riffle_north,Elastomer,Yellow,Nose,
2,76939289,10592,Chinook salmon,932,Fall,Natural,Fry,35.0,1,2025-01-11T08:21:17Z,Continue trapping,Eye Riffle,Eye riffle_north,Elastomer,Yellow,Nose,
2,76939290,10592,Chinook salmon,932,Fall,Natural,Fry,,6,2025-01-11T08:21:17Z,Continue trapping,Eye Riffle,Eye riffle_north,Elastomer,Yellow,Nose,
2,76939553,10595,Chinook salmon,938,Fall,Natural,Parr,35.0,1,2025-01-10T10:03:06Z,Continue trapping,Herringer Riffle,Herringer_east,Elastomer,White,Nose,
2,76939554,10595,Chinook salmon,938,Fall,Natural,Fry,33.0,1,2025-01-10T10:03:06Z,Continue trapping,Herringer Riffle,Herringer_east,Elastomer,White,Nose,
2,76939908,10600,Chinook salmon,938,Fall,Natural,Fry,34.0,1,2025-01-10T11:10:05Z,Continue trapping,Herringer Riffle,Herringer_Upper_west,Elastomer,White,Nose,
2,76940104,10603,Chinook salmon,938,Fall,Natural,Fry,35.0,1,2025-01-13T10:00:23Z,Continue trapping,Herringer Riffle,Herringer_Upper_west,Elastomer,White,Nose,
2,76940480,10608,Chinook salmon,933,Fall,Natural,Not recorded,35.0,1,2025-01-15T13:10:37Z,Continue trapping,Eye Riffle,Eye riffle_north,Elastomer,Orange,Nose,
2,76940481,10608,Chinook salmon,933,Fall,Natural,Not recorded,36.0,1,2025-01-15T13:10:37Z,Continue trapping,Eye Riffle,Eye riffle_north,Elastomer,Orange,Nose,
2,76940482,10608,Chinook salmon,933,Fall,Natural,Not recorded,37.0,1,2025-01-15T13:10:37Z,Continue trapping,Eye Riffle,Eye riffle_north,Elastomer,Orange,Nose,
2,76940483,10608,Chinook salmon,933,Fall,Natural,Not recorded,36.0,1,2025-01-15T13:10:37Z,Continue trapping,Eye Riffle,Eye riffle_north,Elastomer,Orange,Nose,
2,76940484,10608,Chinook salmon,933,Fall,Natural,Not recorded,36.0,1,2025-01-15T13:10:37Z,Continue trapping,Eye Riffle,Eye riffle_north,Elastomer,Orange,Nose,
2,76940485,10608,Chinook salmon,933,Fall,Natural,Not recorded,40.0,1,2025-01-15T13:10:37Z,Continue trapping,Eye Riffle,Eye riffle_north,Elastomer,Orange,Nose,
2,76940486,10608,Chinook salmon,933,Fall,Natural,Not recorded,40.0,1,2025-01-15T13:10:37Z,Continue trapping,Eye Riffle,Eye riffle_north,Elastomer,Orange,Nose,
2,76940487,10608,Chinook salmon,933,Fall,Natural,Not recorded,37.0,1,2025-01-15T13:10:37Z,Continue trapping,Eye Riffle,Eye riffle_north,Elastomer,Orange,Nose,
2,76940488,10608,Chinook salmon,933,Fall,Natural,Not recorded,35.0,1,2025-01-15T13:10:37Z,Continue trapping,Eye Riffle,Eye riffle_north,Elastomer,Orange,Nose,
2,76940489,10608,Chinook salmon,933,Fall,Natural,Not recorded,36.0,1,2025-01-15T13:10:37Z,Continue trapping,Eye Riffle,Eye riffle_north,Elastomer,Orange,Nose,
2,76940490,10608,Chinook salmon,933,Fall,Natural,Not recorded,36.0,1,2025-01-15T13:10:37Z,Continue trapping,Eye Riffle,Eye riffle_north,Elastomer,Orange,Nose,
2,76940491,10608,Chinook salmon,933,Fall,Natural,Not recorded,39.0,1,2025-01-15T13:10:37Z,Continue trapping,Eye Riffle,Eye riffle_north,Elastomer,Orange,Nose,
2,76940492,10608,Chinook salmon,933,Fall,Natural,Not recorded,38.0,1,2025-01-15T13:10:37Z,Continue trapping,Eye Riffle,Eye riffle_north,Elastomer,Orange,Nose,
2,76940493,10608,Chinook salmon,933,Fall,Natural,Not recorded,35.0,1,2025-01-15T13:10:37Z,Continue trapping,Eye Riffle,Eye riffle_north,Elastomer,Orange,Nose,
2,76940494,10608,Chinook salmon,933,Fall,Natural,Not recorded,36.0,1,2025-01-15T13:10:37Z,Continue trapping,Eye Riffle,Eye riffle_north,Elastomer,Orange,Nose,
2,76940495,10608,Chinook salmon,933,Fall,Natural,Not recorded,35.0,1,2025-01-15T13:10:37Z,Continue trapping,Eye Riffle,Eye riffle_north,Elastomer,Orange,Nose,
2,76940496,10608,Chinook salmon,933,Fall,Natural,Not recorded,36.0,1,2025-01-15T13:10:37Z,Continue trapping,Eye Riffle,Eye riffle_north,Elastomer,Orange,Nose,
2,76940497,10608,Chinook salmon,933,Fall,Natural,Not recorded,37.0,1,2025-01-15T13:10:37Z,Continue trapping,Eye Riffle,Eye riffle_north,Elastomer,Orange,Nose,
2,76940498,10608,Chinook salmon,933,Fall,Natural,Not recorded,36.0,1,2025-01-15T13:10:37Z,Continue trapping,Eye Riffle,Eye riffle_north,Elastomer,Orange,Nose,
2,76940499,10608,Chinook salmon,933,Fall,Natural,Not recorded,36.0,1,2025-01-15T13:10:37Z,Continue trapping,Eye Riffle,Eye riffle_north,Elastomer,Orange,Nose,
2,76940500,10608,Chinook salmon,933,Fall,Natural,Not recorded,,17,2025-01-15T13:10:37Z,Continue trapping,Eye Riffle,Eye riffle_north,Elastomer,Orange,Nose,
2,76940664,10610,Chinook salmon,933,Fall,Natural,Parr,,1,2025-01-16T13:50:54Z,Continue trapping,Eye Riffle,Eye riffle_north,Elastomer,Orange,Nose,37.0
2,76940791,10612,Chinook salmon,934,Fall,Natural,Parr,36.0,1,2025-01-18T13:33:19Z,Continue trapping,Eye Riffle,Eye riffle_north,Elastomer,White,Nose,
2,76940792,10612,Chinook salmon,934,Fall,Natural,Parr,34.0,1,2025-01-18T13:33:19Z,Continue trapping,Eye Riffle,Eye riffle_north,Elastomer,White,Nose,
2,76940793,10612,Chinook salmon,934,Fall,Natural,Parr,38.0,1,2025-01-18T13:33:19Z,Continue trapping,Eye Riffle,Eye riffle_north,Elastomer,White,Nose,
2,76940794,10612,Chinook salmon,934,Fall,Natural,Parr,37.0,1,2025-01-18T13:33:19Z,Continue trapping,Eye Riffle,Eye riffle_north,Elastomer,White,Nose,
2,76940795,10612,Chinook salmon,934,Fall,Natural,Parr,36.0,1,2025-01-18T13:33:19Z,Continue trapping,Eye Riffle,Eye riffle_north,Elastomer,White,Nose,
2,76940796,10612,Chinook salmon,934,Fall,Natural,Parr,36.0,1,2025-01-18T13:33:19Z,Continue trapping,Eye Riffle,Eye riffle_north,Elastomer,White,Nose,
2,76940797,10612,Chinook salmon,934,Fall,Natural,Parr,35.0,1,2025-01-18T13:33:19Z,Continue trapping,Eye Riffle,Eye riffle_north,Elastomer,White,Nose,
2,76940798,10612,Chinook salmon,934,Fall,Natural,Parr,37.0,1,2025-01-18T13:33:19Z,Continue trapping,Eye Riffle,Eye riffle_north,Elastomer,White,Nose,
2,76940799,10612,Chinook salmon,934,Fall,Natural,Parr,39.0,1,2025-01-18T13:33:19Z,Continue trapping,Eye Riffle,Eye riffle_north,Elastomer,White,Nose,
2,76940800,10612,Chinook salmon,934,Fall,Natural,Parr,34.0,1,2025-01-18T13:33:19Z,Continue trapping,Eye Riffle,Eye riffle_north,Elastomer,White,Nose,
2,76940801,10612,Chinook salmon,934,Fall,Natural,Parr,36.0,1,2025-01-18T13:33:19Z,Continue trapping,Eye Riffle,Eye riffle_north,Elastomer,White,Nose,
2,76940802,10612,Chinook salmon,934,Fall,Natural,Parr,35.0,1,2025-01-18T13:33:19Z,Continue trapping,Eye Riffle,Eye riffle_north,Elastomer,White,Nose,
2,76940803,10612,Chinook salmon,934,Fall,Natural,Parr,34.0,1,2025-01-18T13:33:19Z,Continue trapping,Eye Riffle,Eye riffle_north,Elastomer,White,Nose,
2,76940804,10612,Chinook salmon,934,Fall,Natural,Parr,35.0,1,2025-01-18T13:33:19Z,Continue trapping,Eye Riffle,Eye riffle_north,Elastomer,White,Nose,
2,76940805,10612,Chinook salmon,934,Fall,Natural,Parr,40.0,1,2025-01-18T13:33:19Z,Continue trapping,Eye Riffle,Eye riffle_north,Elastomer,White,Nose,
2,76940806,10612,Chinook salmon,934,Fall,Natural,Parr,36.0,1,2025-01-18T13:33:19Z,Continue trapping,Eye Riffle,Eye riffle_north,Elastomer,White,Nose,
2,76940807,10612,Chinook salmon,934,Fall,Natural,Parr,34.0,1,2025-01-18T13:33:19Z,Continue trapping,Eye Riffle,Eye riffle_north,Elastomer,White,Nose,
2,76940808,10612,Chinook salmon,934,Fall,Natural,Parr,34.0,1,2025-01-18T13:33:19Z,Continue trapping,Eye Riffle,Eye riffle_north,Elastomer,White,Nose,
2,76940861,10612,Chinook salmon,933,Fall,Natural,Parr,,1,2025-01-18T13:33:19Z,Continue trapping,Eye Riffle,Eye riffle_north,Elastomer,Orange,Nose,
2,76940902,10613,Chinook salmon,934,Fall,Natural,Parr,34.0,1,2025-01-19T11:15:50Z,Continue trapping,Eye Riffle,Eye riffle_north,Elastomer,White,Nose,
2,76940958,10613,Chinook salmon,933,Fall,Natural,Parr,37.0,1,2025-01-19T11:15:50Z,Continue trapping,Eye Riffle,Eye riffle_north,Elastomer,Orange,Nose,
2,76940959,10613,Chinook salmon,933,Fall,Natural,Parr,36.0,1,2025-01-19T11:15:50Z,Continue trapping,Eye Riffle,Eye riffle_north,Elastomer,Orange,Nose,
2,76941005,10614,Chinook salmon,933,Fall,Natural,Parr,35.0,1,2025-01-20T11:38:47Z,Continue trapping,Eye Riffle,Eye riffle_north,Elastomer,Orange,Nose,
2,76941123,10615,Chinook salmon,939,Fall,Natural,Parr,35.0,1,2025-01-16T10:38:54Z,Continue trapping,Herringer Riffle,Herringer_Upper_west,Elastomer,Blue,Nose,
2,76941124,10615,Chinook salmon,939,Fall,Natural,Parr,35.0,1,2025-01-16T10:38:54Z,Continue trapping,Herringer Riffle,Herringer_Upper_west,Elastomer,Blue,Nose,
2,76941125,10615,Chinook salmon,939,Fall,Natural,Fry,37.0,1,2025-01-16T10:38:54Z,Continue trapping,Herringer Riffle,Herringer_Upper_west,Elastomer,Blue,Nose,
2,76941255,10617,Chinook salmon,940,Fall,Natural,Parr,37.0,1,2025-01-18T10:06:48Z,Continue trapping,Herringer Riffle,Herringer_Upper_west,Elastomer,Green,Nose,
2,76941256,10617,Chinook salmon,940,Fall,Natural,Parr,37.0,1,2025-01-18T10:06:48Z,Continue trapping,Herringer Riffle,Herringer_Upper_west,Elastomer,Green,Nose,
2,76941257,10617,Chinook salmon,940,Fall,Natural,Parr,36.0,1,2025-01-18T10:06:48Z,Continue trapping,Herringer Riffle,Herringer_Upper_west,Elastomer,Green,Nose,
2,76941269,10618,Chinook salmon,940,Fall,Natural,Parr,37.0,1,2025-01-19T12:46:23Z,Continue trapping,Herringer Riffle,Herringer_Upper_west,Elastomer,Green,Nose,
2,76941471,10621,Chinook salmon,939,Fall,Natural,Parr,35.0,1,2025-01-16T11:36:14Z,Continue trapping,Herringer Riffle,Herringer_east,Elastomer,Blue,Nose,
2,76941472,10621,Chinook salmon,939,Fall,Natural,Fry,35.0,1,2025-01-16T11:36:14Z,Continue trapping,Herringer Riffle,Herringer_east,Elastomer,Blue,Nose,
2,76941473,10621,Chinook salmon,939,Fall,Natural,Parr,37.0,1,2025-01-16T11:36:14Z,Continue trapping,Herringer Riffle,Herringer_east,Elastomer,Blue,Nose,
2,76941474,10621,Chinook salmon,939,Fall,Natural,Parr,35.0,1,2025-01-16T11:36:14Z,Continue trapping,Herringer Riffle,Herringer_east,Elastomer,Blue,Nose,
2,76941475,10621,Chinook salmon,939,Fall,Natural,Fry,34.0,1,2025-01-16T11:36:14Z,Continue trapping,Herringer Riffle,Herringer_east,Elastomer,Blue,Nose,
2,76941476,10621,Chinook salmon,939,Fall,Natural,Parr,36.0,1,2025-01-16T11:36:14Z,Continue trapping,Herringer Riffle,Herringer_east,Elastomer,Blue,Nose,
2,76941477,10621,Chinook salmon,939,Fall,Natural,Parr,34.0,1,2025-01-16T11:36:14Z,Continue trapping,Herringer Riffle,Herringer_east,Elastomer,Blue,Nose,
2,76941478,10621,Chinook salmon,939,Fall,Natural,Fry,34.0,1,2025-01-16T11:36:14Z,Continue trapping,Herringer Riffle,Herringer_east,Elastomer,Blue,Nose,
2,76941479,10621,Chinook salmon,939,Fall,Natural,Parr,36.0,1,2025-01-16T11:36:14Z,Continue trapping,Herringer Riffle,Herringer_east,Elastomer,Blue,Nose,
2,76941480,10621,Chinook salmon,939,Fall,Natural,Fry,33.0,1,2025-01-16T11:36:14Z,Continue trapping,Herringer Riffle,Herringer_east,Elastomer,Blue,Nose,
2,76941481,10621,Chinook salmon,939,Fall,Natural,Fry,37.0,1,2025-01-16T11:36:14Z,Continue trapping,Herringer Riffle,Herringer_east,Elastomer,Blue,Nose,
2,76941482,10621,Chinook salmon,939,Fall,Natural,Fry,32.0,1,2025-01-16T11:36:14Z,Continue trapping,Herringer Riffle,Herringer_east,Elastomer,Blue,Nose,
2,76941483,10621,Chinook salmon,939,Fall,Natural,Fry,35.0,1,2025-01-16T11:36:14Z,Continue trapping,Herringer Riffle,Herringer_east,Elastomer,Blue,Nose,
2,76941484,10621,Chinook salmon,939,Fall,Natural,Fry,33.0,1,2025-01-16T11:36:14Z,Continue trapping,Herringer Riffle,Herringer_east,Elastomer,Blue,Nose,
2,76941485,10621,Chinook salmon,939,Fall,Natural,Fry,35.0,1,2025-01-16T11:36:14Z,Continue trapping,Herringer Riffle,Herringer_east,Elastomer,Blue,Nose,
2,76941486,10621,Chinook salmon,939,Fall,Natural,Fry,34.0,1,2025-01-16T11:36:14Z,Continue trapping,Herringer Riffle,Herringer_east,Elastomer,Blue,Nose,
2,76941487,10621,Chinook salmon,939,Fall,Natural,Fry,35.0,1,2025-01-16T11:36:14Z,Continue trapping,Herringer Riffle,Herringer_east,Elastomer,Blue,Nose,
2,76941644,10623,Chinook salmon,940,Fall,Natural,Parr,37.0,1,2025-01-18T10:40:26Z,Continue trapping,Herringer Riffle,Herringer_east,Elastomer,Green,Nose,
2,76941647,10623,Chinook salmon,940,Fall,Natural,Parr,37.0,1,2025-01-18T10:40:26Z,Continue trapping,Herringer Riffle,Herringer_east,Elastomer,Green,Nose,
2,76941648,10623,Chinook salmon,940,Fall,Natural,Parr,38.0,1,2025-01-18T10:40:26Z,Continue trapping,Herringer Riffle,Herringer_east,Elastomer,Green,Nose,
2,76941649,10623,Chinook salmon,940,Fall,Natural,Parr,36.0,1,2025-01-18T10:40:26Z,Continue trapping,Herringer Riffle,Herringer_east,Elastomer,Green,Nose,
2,76941650,10623,Chinook salmon,940,Fall,Natural,Parr,36.0,1,2025-01-18T10:40:26Z,Continue trapping,Herringer Riffle,Herringer_east,Elastomer,Green,Nose,
2,76941651,10623,Chinook salmon,940,Fall,Natural,Parr,36.0,1,2025-01-18T10:40:26Z,Continue trapping,Herringer Riffle,Herringer_east,Elastomer,Green,Nose,
2,76941652,10623,Chinook salmon,940,Fall,Natural,Parr,36.0,1,2025-01-18T10:40:26Z,Continue trapping,Herringer Riffle,Herringer_east,Elastomer,Green,Nose,
2,76941653,10623,Chinook salmon,940,Fall,Natural,Parr,37.0,1,2025-01-18T10:40:26Z,Continue trapping,Herringer Riffle,Herringer_east,Elastomer,Green,Nose,
2,76941654,10623,Chinook salmon,940,Fall,Natural,Parr,38.0,1,2025-01-18T10:40:26Z,Continue trapping,Herringer Riffle,Herringer_east,Elastomer,Green,Nose,
2,76941655,10623,Chinook salmon,940,Fall,Natural,Parr,36.0,1,2025-01-18T10:40:26Z,Continue trapping,Herringer Riffle,Herringer_east,Elastomer,Green,Nose,
2,76941656,10623,Chinook salmon,940,Fall,Natural,Parr,36.0,1,2025-01-18T10:40:26Z,Continue trapping,Herringer Riffle,Herringer_east,Elastomer,Green,Nose,
2,76941949,10626,Chinook salmon,940,Fall,Natural,Parr,36.0,1,2025-01-21T10:00:01Z,Continue trapping,Herringer Riffle,Herringer_east,Elastomer,Green,Nose,
2,76941975,10627,Chinook salmon,934,,Natural,Not recorded,37.0,1,2025-01-21T14:00:29Z,Continue trapping,Eye Riffle,Eye riffle_north,Elastomer,White,Nose,
2,76941976,10627,Chinook salmon,934,,Natural,Not recorded,36.0,1,2025-01-21T14:00:29Z,Continue trapping,Eye Riffle,Eye riffle_north,Elastomer,White,Nose,
2,76942136,10629,Chinook salmon,933,Fall,Natural,Parr,40.0,1,2025-01-23T14:39:33Z,Continue trapping,Eye Riffle,Eye riffle_north,Elastomer,Orange,Nose,
2,76942284,10630,Chinook salmon,935,Fall,Natural,Parr,34.0,1,2025-01-24T09:42:48Z,Continue trapping,Eye Riffle,Eye riffle_north,Elastomer,Yellow,Nose,
2,76942285,10630,Chinook salmon,935,Fall,Natural,Parr,39.0,1,2025-01-24T09:42:48Z,Continue trapping,Eye Riffle,Eye riffle_north,Elastomer,Yellow,Nose,
2,76942286,10630,Chinook salmon,935,Fall,Natural,Parr,37.0,1,2025-01-24T09:42:48Z,Continue trapping,Eye Riffle,Eye riffle_north,Elastomer,Yellow,Nose,
2,76942287,10630,Chinook salmon,935,Fall,Natural,Parr,36.0,1,2025-01-24T09:42:48Z,Continue trapping,Eye Riffle,Eye riffle_north,Elastomer,Yellow,Nose,
2,76942288,10630,Chinook salmon,935,Fall,Natural,Parr,35.0,1,2025-01-24T09:42:48Z,Continue trapping,Eye Riffle,Eye riffle_north,Elastomer,Yellow,Nose,
2,76942289,10630,Chinook salmon,935,Fall,Natural,Parr,36.0,1,2025-01-24T09:42:48Z,Continue trapping,Eye Riffle,Eye riffle_north,Elastomer,Yellow,Nose,
2,76942290,10630,Chinook salmon,935,Fall,Natural,Parr,36.0,1,2025-01-24T09:42:48Z,Continue trapping,Eye Riffle,Eye riffle_north,Elastomer,Yellow,Nose,
2,76942291,10630,Chinook salmon,935,Fall,Natural,Parr,37.0,1,2025-01-24T09:42:48Z,Continue trapping,Eye Riffle,Eye riffle_north,Elastomer,Yellow,Nose,
2,76942292,10630,Chinook salmon,935,Fall,Natural,Parr,35.0,1,2025-01-24T09:42:48Z,Continue trapping,Eye Riffle,Eye riffle_north,Elastomer,Yellow,Nose,
2,76942293,10630,Chinook salmon,935,Fall,Natural,Parr,35.0,1,2025-01-24T09:42:48Z,Continue trapping,Eye Riffle,Eye riffle_north,Elastomer,Yellow,Nose,
2,76942294,10630,Chinook salmon,935,Fall,Natural,Parr,34.0,1,2025-01-24T09:42:48Z,Continue trapping,Eye Riffle,Eye riffle_north,Elastomer,Yellow,Nose,
2,76942295,10630,Chinook salmon,935,Fall,Natural,Parr,36.0,1,2025-01-24T09:42:48Z,Continue trapping,Eye Riffle,Eye riffle_north,Elastomer,Yellow,Nose,
2,76942296,10630,Chinook salmon,935,Fall,Natural,Parr,35.0,1,2025-01-24T09:42:48Z,Continue trapping,Eye Riffle,Eye riffle_north,Elastomer,Yellow,Nose,
2,76942297,10630,Chinook salmon,935,Fall,Natural,Parr,38.0,1,2025-01-24T09:42:48Z,Continue trapping,Eye Riffle,Eye riffle_north,Elastomer,Yellow,Nose,
2,76942298,10630,Chinook salmon,935,Fall,Natural,Parr,35.0,1,2025-01-24T09:42:48Z,Continue trapping,Eye Riffle,Eye riffle_north,Elastomer,Yellow,Nose,
2,76942299,10630,Chinook salmon,935,Fall,Natural,Parr,34.0,1,2025-01-24T09:42:48Z,Continue trapping,Eye Riffle,Eye riffle_north,Elastomer,Yellow,Nose,
2,76942300,10630,Chinook salmon,935,Fall,Natural,Parr,36.0,1,2025-01-24T09:42:48Z,Continue trapping,Eye Riffle,Eye riffle_north,Elastomer,Yellow,Nose,
2,76942301,10630,Chinook salmon,935,Fall,Natural,Parr,37.0,1,2025-01-24T09:42:48Z,Continue trapping,Eye Riffle,Eye riffle_north,Elastomer,Yellow,Nose,
2,76942302,10630,Chinook salmon,935,Fall,Natural,Parr,35.0,1,2025-01-24T09:42:48Z,Continue trapping,Eye Riffle,Eye riffle_north,Elastomer,Yellow,Nose,
2,76942303,10630,Chinook salmon,935,Fall,Natural,Parr,35.0,1,2025-01-24T09:42:48Z,Continue trapping,Eye Riffle,Eye riffle_north,Elastomer,Yellow,Nose,
2,76942304,10630,Chinook salmon,935,Fall,Natural,Not recorded,,36,2025-01-24T09:42:48Z,Continue trapping,Eye Riffle,Eye riffle_north,Elastomer,Yellow,Nose,
2,76942475,10632,Chinook salmon,936,Fall,Natural,Not recorded,35.0,1,2025-01-26T09:00:53Z,Continue trapping,Eye Riffle,Eye riffle_north,Elastomer,Pink,Nose,
2,76942476,10632,Chinook salmon,936,Fall,Natural,Not recorded,36.0,1,2025-01-26T09:00:53Z,Continue trapping,Eye Riffle,Eye riffle_north,Elastomer,Pink,Nose,
2,76942477,10632,Chinook salmon,936,Fall,Natural,Not recorded,36.0,1,2025-01-26T09:00:53Z,Continue trapping,Eye Riffle,Eye riffle_north,Elastomer,Pink,Nose,
2,76942478,10632,Chinook salmon,936,Fall,Natural,Not recorded,35.0,1,2025-01-26T09:00:53Z,Continue trapping,Eye Riffle,Eye riffle_north,Elastomer,Pink,Nose,
2,76942479,10632,Chinook salmon,936,Fall,Natural,Not recorded,36.0,1,2025-01-26T09:00:53Z,Continue trapping,Eye Riffle,Eye riffle_north,Elastomer,Pink,Nose,
2,76942480,10632,Chinook salmon,936,Fall,Natural,Not recorded,35.0,1,2025-01-26T09:00:53Z,Continue trapping,Eye Riffle,Eye riffle_north,Elastomer,Pink,Nose,
2,76942481,10632,Chinook salmon,936,Fall,Natural,Not recorded,38.0,1,2025-01-26T09:00:53Z,Continue trapping,Eye Riffle,Eye riffle_north,Elastomer,Pink,Nose,
2,76942482,10632,Chinook salmon,936,Fall,Natural,Not recorded,37.0,1,2025-01-26T09:00:53Z,Continue trapping,Eye Riffle,Eye riffle_north,Elastomer,Pink,Nose,
2,76942483,10632,Chinook salmon,936,Fall,Natural,Not recorded,36.0,1,2025-01-26T09:00:53Z,Continue trapping,Eye Riffle,Eye riffle_north,Elastomer,Pink,Nose,
2,76942484,10632,Chinook salmon,936,Fall,Natural,Not recorded,32.0,1,2025-01-26T09:00:53Z,Continue trapping,Eye Riffle,Eye riffle_north,Elastomer,Pink,Nose,
2,76942485,10632,Chinook salmon,936,Fall,Natural,Not recorded,34.0,1,2025-01-26T09:00:53Z,Continue trapping,Eye Riffle,Eye riffle_north,Elastomer,Pink,Nose,
2,76942486,10632,Chinook salmon,936,Fall,Natural,Not recorded,38.0,1,2025-01-26T09:00:53Z,Continue trapping,Eye Riffle,Eye riffle_north,Elastomer,Pink,Nose,
2,76942487,10632,Chinook salmon,936,Fall,Natural,Not recorded,34.0,1,2025-01-26T09:00:53Z,Continue trapping,Eye Riffle,Eye riffle_north,Elastomer,Pink,Nose,
2,76942488,10632,Chinook salmon,936,Fall,Natural,Not recorded,36.0,1,2025-01-26T09:00:53Z,Continue trapping,Eye Riffle,Eye riffle_north,Elastomer,Pink,Nose,
2,76942489,10632,Chinook salmon,936,Fall,Natural,Not recorded,38.0,1,2025-01-26T09:00:53Z,Continue trapping,Eye Riffle,Eye riffle_north,Elastomer,Pink,Nose,
2,76942490,10632,Chinook salmon,936,Fall,Natural,Not recorded,33.0,1,2025-01-26T09:00:53Z,Continue trapping,Eye Riffle,Eye riffle_north,Elastomer,Pink,Nose,
2,76942491,10632,Chinook salmon,936,Fall,Natural,Not recorded,34.0,1,2025-01-26T09:00:53Z,Continue trapping,Eye Riffle,Eye riffle_north,Elastomer,Pink,Nose,
2,76942492,10632,Chinook salmon,936,Fall,Natural,Not recorded,37.0,1,2025-01-26T09:00:53Z,Continue trapping,Eye Riffle,Eye riffle_north,Elastomer,Pink,Nose,
2,76942493,10632,Chinook salmon,936,Fall,Natural,Not recorded,35.0,1,2025-01-26T09:00:53Z,Continue trapping,Eye Riffle,Eye riffle_north,Elastomer,Pink,Nose,
2,76942494,10632,Chinook salmon,936,Fall,Natural,Not recorded,39.0,1,2025-01-26T09:00:53Z,Continue trapping,Eye Riffle,Eye riffle_north,Elastomer,Pink,Nose,
2,76942495,10632,Chinook salmon,936,Fall,Natural,Not recorded,,2,2025-01-26T09:00:53Z,Continue trapping,Eye Riffle,Eye riffle_north,Elastomer,Pink,Nose,
2,76942585,10633,Chinook salmon,936,Fall,Natural,Fry,36.0,1,2025-01-27T13:41:10Z,Continue trapping,Eye Riffle,Eye riffle_north,Elastomer,Pink,Nose,
2,76942586,10633,Chinook salmon,936,Fall,Natural,Fry,36.0,1,2025-01-27T13:41:10Z,Continue trapping,Eye Riffle,Eye riffle_north,Elastomer,Pink,Nose,
2,76942587,10633,Chinook salmon,936,Fall,Natural,Parr,38.0,1,2025-01-27T13:41:10Z,Continue trapping,Eye Riffle,Eye riffle_north,Elastomer,Pink,Nose,
2,76942588,10633,Chinook salmon,936,Fall,Natural,Fry,37.0,1,2025-01-27T13:41:10Z,Continue trapping,Eye Riffle,Eye riffle_north,Elastomer,Pink,Nose,
2,76942589,10633,Chinook salmon,936,Fall,Natural,Parr,37.0,1,2025-01-27T13:41:10Z,Continue trapping,Eye Riffle,Eye riffle_north,Elastomer,Pink,Nose,
2,76942590,10633,Chinook salmon,936,Fall,Natural,Parr,35.0,1,2025-01-27T13:41:10Z,Continue trapping,Eye Riffle,Eye riffle_north,Elastomer,Pink,Nose,
2,76942591,10633,Chinook salmon,935,Fall,Natural,Fry,38.0,1,2025-01-27T13:41:10Z,Continue trapping,Eye Riffle,Eye riffle_north,Elastomer,Yellow,Nose,
2,76942772,10637,Chinook salmon,942,Fall,Natural,Fry,35.0,1,2025-01-25T12:11:57Z,Continue trapping,Herringer Riffle,Herringer_Upper_west,Elastomer,White,Nose,
2,76942773,10637,Chinook salmon,942,Fall,Natural,Fry,37.0,1,2025-01-25T12:11:57Z,Continue trapping,Herringer Riffle,Herringer_Upper_west,Elastomer,White,Nose,
2,76942774,10637,Chinook salmon,942,Fall,Natural,Fry,35.0,1,2025-01-25T12:11:57Z,Continue trapping,Herringer Riffle,Herringer_Upper_west,Elastomer,White,Nose,
2,76942883,10638,Chinook salmon,941,Fall,Natural,Not recorded,36.0,1,2025-01-26T12:06:49Z,Continue trapping,Herringer Riffle,Herringer_Upper_west,Elastomer,Purple / Violet,Nose,
2,76943179,10642,Chinook salmon,941,Fall,Natural,Fry,33.0,1,2025-01-24T15:00:26Z,Continue trapping,Herringer Riffle,Herringer_east,Elastomer,Purple / Violet,Nose,
2,76943180,10642,Chinook salmon,941,Fall,Natural,Fry,37.0,1,2025-01-24T15:00:26Z,Continue trapping,Herringer Riffle,Herringer_east,Elastomer,Purple / Violet,Nose,
2,76943181,10642,Chinook salmon,941,Fall,Natural,Parr,36.0,1,2025-01-24T15:00:26Z,Continue trapping,Herringer Riffle,Herringer_east,Elastomer,Purple / Violet,Nose,
2,76943182,10642,Chinook salmon,941,Fall,Natural,Fry,33.0,1,2025-01-24T15:00:26Z,Continue trapping,Herringer Riffle,Herringer_east,Elastomer,Purple / Violet,Nose,
2,76943183,10642,Chinook salmon,941,Fall,Natural,Fry,35.0,1,2025-01-24T15:00:26Z,Continue trapping,Herringer Riffle,Herringer_east,Elastomer,Purple / Violet,Nose,
2,76943184,10642,Chinook salmon,941,Fall,Natural,Fry,36.0,1,2025-01-24T15:00:26Z,Continue trapping,Herringer Riffle,Herringer_east,Elastomer,Purple / Violet,Nose,
2,76943185,10642,Chinook salmon,941,Fall,Natural,Fry,35.0,1,2025-01-24T15:00:26Z,Continue trapping,Herringer Riffle,Herringer_east,Elastomer,Purple / Violet,Nose,
2,76943186,10642,Chinook salmon,941,Fall,Natural,Fry,36.0,1,2025-01-24T15:00:26Z,Continue trapping,Herringer Riffle,Herringer_east,Elastomer,Purple / Violet,Nose,
2,76943187,10642,Chinook salmon,941,Fall,Natural,Fry,34.0,1,2025-01-24T15:00:26Z,Continue trapping,Herringer Riffle,Herringer_east,Elastomer,Purple / Violet,Nose,
2,76943188,10642,Chinook salmon,941,Fall,Natural,Fry,37.0,1,2025-01-24T15:00:26Z,Continue trapping,Herringer Riffle,Herringer_east,Elastomer,Purple / Violet,Nose,
2,76943189,10642,Chinook salmon,941,Fall,Natural,Fry,36.0,1,2025-01-24T15:00:26Z,Continue trapping,Herringer Riffle,Herringer_east,Elastomer,Purple / Violet,Nose,
2,76943190,10642,Chinook salmon,941,Fall,Natural,Fry,35.0,1,2025-01-24T15:00:26Z,Continue trapping,Herringer Riffle,Herringer_east,Elastomer,Purple / Violet,Nose,
2,76943191,10642,Chinook salmon,941,Fall,Natural,Fry,36.0,1,2025-01-24T15:00:26Z,Continue trapping,Herringer Riffle,Herringer_east,Elastomer,Purple / Violet,Nose,
2,76943192,10642,Chinook salmon,941,Fall,Natural,Fry,36.0,1,2025-01-24T15:00:26Z,Continue trapping,Herringer Riffle,Herringer_east,Elastomer,Purple / Violet,Nose,
2,76943193,10642,Chinook salmon,941,Fall,Natural,Fry,35.0,1,2025-01-24T15:00:26Z,Continue trapping,Herringer Riffle,Herringer_east,Elastomer,Purple / Violet,Nose,
2,76943194,10642,Chinook salmon,941,Fall,Natural,Parr,38.0,1,2025-01-24T15:00:26Z,Continue trapping,Herringer Riffle,Herringer_east,Elastomer,Purple / Violet,Nose,
2,76943195,10642,Chinook salmon,941,Fall,Natural,Parr,35.0,1,2025-01-24T15:00:26Z,Continue trapping,Herringer Riffle,Herringer_east,Elastomer,Purple / Violet,Nose,
2,76943196,10642,Chinook salmon,941,Fall,Natural,Parr,39.0,1,2025-01-24T15:00:26Z,Continue trapping,Herringer Riffle,Herringer_east,Elastomer,Purple / Violet,Nose,
2,76943197,10642,Chinook salmon,941,Fall,Natural,Parr,39.0,1,2025-01-24T15:00:26Z,Continue trapping,Herringer Riffle,Herringer_east,Elastomer,Purple / Violet,Nose,
2,76943198,10642,Chinook salmon,941,Fall,Natural,Fry,34.0,1,2025-01-24T15:00:26Z,Continue trapping,Herringer Riffle,Herringer_east,Elastomer,Purple / Violet,Nose,
2,76943199,10642,Chinook salmon,941,Fall,Natural,Not recorded,,5,2025-01-24T15:00:26Z,Continue trapping,Herringer Riffle,Herringer_east,Elastomer,Purple / Violet,Nose,
2,76943279,10643,Chinook salmon,942,Fall,Natural,Fry,35.0,1,2025-01-25T12:33:31Z,Continue trapping,Herringer Riffle,Herringer_east,Elastomer,White,Nose,
2,76943280,10643,Chinook salmon,942,Fall,Natural,Fry,36.0,1,2025-01-25T12:33:31Z,Continue trapping,Herringer Riffle,Herringer_east,Elastomer,White,Nose,
2,76943281,10643,Chinook salmon,942,Fall,Natural,Fry,38.0,1,2025-01-25T12:33:31Z,Continue trapping,Herringer Riffle,Herringer_east,Elastomer,White,Nose,
2,76943282,10643,Chinook salmon,942,Fall,Natural,Fry,34.0,1,2025-01-25T12:33:31Z,Continue trapping,Herringer Riffle,Herringer_east,Elastomer,White,Nose,
2,76943283,10643,Chinook salmon,942,Fall,Natural,Fry,37.0,1,2025-01-25T12:33:31Z,Continue trapping,Herringer Riffle,Herringer_east,Elastomer,White,Nose,
2,76943284,10643,Chinook salmon,942,Fall,Natural,Fry,37.0,1,2025-01-25T12:33:31Z,Continue trapping,Herringer Riffle,Herringer_east,Elastomer,White,Nose,
2,76943285,10643,Chinook salmon,942,Fall,Natural,Fry,35.0,1,2025-01-25T12:33:31Z,Continue trapping,Herringer Riffle,Herringer_east,Elastomer,White,Nose,
2,76943286,10643,Chinook salmon,942,Fall,Natural,Fry,34.0,1,2025-01-25T12:33:31Z,Continue trapping,Herringer Riffle,Herringer_east,Elastomer,White,Nose,
2,76943287,10643,Chinook salmon,942,Fall,Natural,Fry,37.0,1,2025-01-25T12:33:31Z,Continue trapping,Herringer Riffle,Herringer_east,Elastomer,White,Nose,
2,76943288,10643,Chinook salmon,942,Fall,Natural,Fry,36.0,1,2025-01-25T12:33:31Z,Continue trapping,Herringer Riffle,Herringer_east,Elastomer,White,Nose,
2,76943289,10643,Chinook salmon,942,Fall,Natural,Fry,36.0,1,2025-01-25T12:33:31Z,Continue trapping,Herringer Riffle,Herringer_east,Elastomer,White,Nose,
2,76943290,10643,Chinook salmon,942,Fall,Natural,Fry,37.0,1,2025-01-25T12:33:31Z,Continue trapping,Herringer Riffle,Herringer_east,Elastomer,White,Nose,
2,76943291,10643,Chinook salmon,942,Fall,Natural,Fry,37.0,1,2025-01-25T12:33:31Z,Continue trapping,Herringer Riffle,Herringer_east,Elastomer,White,Nose,
2,76943292,10643,Chinook salmon,942,Fall,Natural,Fry,36.0,1,2025-01-25T12:33:31Z,Continue trapping,Herringer Riffle,Herringer_east,Elastomer,White,Nose,
2,76943293,10643,Chinook salmon,942,Fall,Natural,Fry,34.0,1,2025-01-25T12:33:31Z,Continue trapping,Herringer Riffle,Herringer_east,Elastomer,White,Nose,
2,76943294,10643,Chinook salmon,942,Fall,Natural,Fry,39.0,1,2025-01-25T12:33:31Z,Continue trapping,Herringer Riffle,Herringer_east,Elastomer,White,Nose,
2,76943296,10643,Chinook salmon,941,Fall,Natural,Fry,37.0,1,2025-01-25T12:33:31Z,Continue trapping,Herringer Riffle,Herringer_east,Elastomer,Purple / Violet,Nose,
2,76943717,10649,Chinook salmon,936,Fall,Natural,Parr,38.0,1,2025-01-29T11:08:15Z,Continue trapping,Eye Riffle,Eye riffle_north,Elastomer,Pink,Nose,
2,76943718,10649,Chinook salmon,935,Fall,Natural,Fry,36.0,1,2025-01-29T11:08:15Z,Continue trapping,Eye Riffle,Eye riffle_north,Elastomer,Yellow,Nose,
2,76943806,10650,Chinook salmon,942,Fall,Natural,Fry,34.0,1,2025-01-29T14:11:17Z,Continue trapping,Herringer Riffle,Herringer_east,Elastomer,White,Nose,
2,76944007,10652,Chinook salmon,937,Fall,Natural,Fry,41.0,1,2025-01-30T09:29:55Z,Continue trapping,Eye Riffle,Eye riffle_north,Elastomer,Orange,Nose,
2,76944008,10652,Chinook salmon,937,Fall,Natural,Fry,40.0,1,2025-01-30T09:29:55Z,Continue trapping,Eye Riffle,Eye riffle_north,Elastomer,Orange,Nose,
2,76944009,10652,Chinook salmon,937,Fall,Natural,Fry,36.0,1,2025-01-30T09:29:55Z,Continue trapping,Eye Riffle,Eye riffle_north,Elastomer,Orange,Nose,
2,76944010,10652,Chinook salmon,937,Fall,Natural,Fry,35.0,1,2025-01-30T09:29:55Z,Continue trapping,Eye Riffle,Eye riffle_north,Elastomer,Orange,Nose,
2,76944011,10652,Chinook salmon,937,Fall,Natural,Fry,37.0,1,2025-01-30T09:29:55Z,Continue trapping,Eye Riffle,Eye riffle_north,Elastomer,Orange,Nose,
2,76944012,10652,Chinook salmon,937,Fall,Natural,Fry,37.0,1,2025-01-30T09:29:55Z,Continue trapping,Eye Riffle,Eye riffle_north,Elastomer,Orange,Nose,
2,76944013,10652,Chinook salmon,937,Fall,Natural,Fry,36.0,1,2025-01-30T09:29:55Z,Continue trapping,Eye Riffle,Eye riffle_north,Elastomer,Orange,Nose,
2,76944014,10652,Chinook salmon,937,Fall,Natural,Fry,34.0,1,2025-01-30T09:29:55Z,Continue trapping,Eye Riffle,Eye riffle_north,Elastomer,Orange,Nose,
2,76944015,10652,Chinook salmon,937,Fall,Natural,Fry,35.0,1,2025-01-30T09:29:55Z,Continue trapping,Eye Riffle,Eye riffle_north,Elastomer,Orange,Nose,
2,76944016,10652,Chinook salmon,937,Fall,Natural,Fry,37.0,1,2025-01-30T09:29:55Z,Continue trapping,Eye Riffle,Eye riffle_north,Elastomer,Orange,Nose,
2,76944017,10652,Chinook salmon,937,Fall,Natural,Fry,34.0,1,2025-01-30T09:29:55Z,Continue trapping,Eye Riffle,Eye riffle_north,Elastomer,Orange,Nose,
2,76944018,10652,Chinook salmon,937,Fall,Natural,Fry,34.0,1,2025-01-30T09:29:55Z,Continue trapping,Eye Riffle,Eye riffle_north,Elastomer,Orange,Nose,
2,76944019,10652,Chinook salmon,937,Fall,Natural,Fry,36.0,1,2025-01-30T09:29:55Z,Continue trapping,Eye Riffle,Eye riffle_north,Elastomer,Orange,Nose,
2,76944020,10652,Chinook salmon,937,Fall,Natural,Fry,36.0,1,2025-01-30T09:29:55Z,Continue trapping,Eye Riffle,Eye riffle_north,Elastomer,Orange,Nose,
2,76944021,10652,Chinook salmon,937,Fall,Natural,Fry,35.0,1,2025-01-30T09:29:55Z,Continue trapping,Eye Riffle,Eye riffle_north,Elastomer,Orange,Nose,
2,76944022,10652,Chinook salmon,937,Fall,Natural,Fry,31.0,1,2025-01-30T09:29:55Z,Continue trapping,Eye Riffle,Eye riffle_north,Elastomer,Orange,Nose,
2,76944023,10652,Chinook salmon,937,Fall,Natural,Fry,39.0,1,2025-01-30T09:29:55Z,Continue trapping,Eye Riffle,Eye riffle_north,Elastomer,Orange,Nose,
2,76944024,10652,Chinook salmon,937,Fall,Natural,Fry,32.0,1,2025-01-30T09:29:55Z,Continue trapping,Eye Riffle,Eye riffle_north,Elastomer,Orange,Nose,
2,76944025,10652,Chinook salmon,937,Fall,Natural,Fry,36.0,1,2025-01-30T09:29:55Z,Continue trapping,Eye Riffle,Eye riffle_north,Elastomer,Orange,Nose,
2,76944026,10652,Chinook salmon,937,Fall,Natural,Fry,35.0,1,2025-01-30T09:29:55Z,Continue trapping,Eye Riffle,Eye riffle_north,Elastomer,Orange,Nose,
2,76944027,10652,Chinook salmon,937,Fall,Natural,Not recorded,,9,2025-01-30T09:29:55Z,Continue trapping,Eye Riffle,Eye riffle_north,Elastomer,Orange,Nose,
2,76944106,10653,Chinook salmon,937,Fall,Natural,Fry,37.0,1,2025-01-31T09:29:21Z,End trapping,Eye Riffle,Eye riffle_north,Elastomer,Orange,Nose,
2,76944141,10656,Chinook salmon,947,Fall,Natural,Fry,36.0,1,2025-01-30T12:07:53Z,End trapping,Herringer Riffle,Herringer_east,Elastomer,Blue,Nose,
2,76944142,10656,Chinook salmon,947,Fall,Natural,Fry,33.0,1,2025-01-30T12:07:53Z,End trapping,Herringer Riffle,Herringer_east,Elastomer,Blue,Nose,
2,76944143,10656,Chinook salmon,947,Fall,Natural,Fry,38.0,1,2025-01-30T12:07:53Z,End trapping,Herringer Riffle,Herringer_east,Elastomer,Blue,Nose,
2,76944144,10656,Chinook salmon,947,Fall,Natural,Fry,34.0,1,2025-01-30T12:07:53Z,End trapping,Herringer Riffle,Herringer_east,Elastomer,Blue,Nose,
2,76945495,10682,Chinook salmon,948,Fall,Natural,Fry,36.0,1,2025-02-15T13:58:12Z,Continue trapping,Herringer Riffle,Herringer_east,Elastomer,White,Nose,
2,76946479,10695,Chinook salmon,944,Fall,Natural,Not recorded,38.0,1,2025-02-20T13:30:38Z,Continue trapping,Eye Riffle,Eye riffle_north,Elastomer,Yellow,Nose,
2,76946716,10698,Chinook salmon,944,Fall,Natural,Not recorded,42.0,1,2025-02-21T13:50:51Z,Continue trapping,Eye Riffle,Eye riffle_north,Elastomer,Yellow,Nose,
2,76946717,10698,Chinook salmon,944,Fall,Natural,Not recorded,34.0,1,2025-02-21T13:50:51Z,Continue trapping,Eye Riffle,Eye riffle_north,Elastomer,Yellow,Nose,
2,76946718,10698,Chinook salmon,944,Fall,Natural,Not recorded,36.0,1,2025-02-21T13:50:51Z,Continue trapping,Eye Riffle,Eye riffle_north,Elastomer,Yellow,Nose,
2,76946719,10698,Chinook salmon,944,Fall,Natural,Not recorded,40.0,1,2025-02-21T13:50:51Z,Continue trapping,Eye Riffle,Eye riffle_north,Elastomer,Yellow,Nose,
2,76946720,10698,Chinook salmon,944,Fall,Natural,Not recorded,38.0,1,2025-02-21T13:50:51Z,Continue trapping,Eye Riffle,Eye riffle_north,Elastomer,Yellow,Nose,
2,76946721,10698,Chinook salmon,944,Fall,Natural,Not recorded,35.0,1,2025-02-21T13:50:51Z,Continue trapping,Eye Riffle,Eye riffle_north,Elastomer,Yellow,Nose,
2,76947454,10707,Chinook salmon,944,Fall,Natural,Parr,42.0,1,2025-02-24T13:30:39Z,Continue trapping,Eye Riffle,Eye riffle_north,Elastomer,Yellow,Nose,
2,76947915,10713,Chinook salmon,944,Fall,Natural,Parr,38.0,1,2025-02-26T13:31:24Z,Continue trapping,Eye Riffle,Eye riffle_north,Elastomer,Yellow,Nose,
2,76948110,10716,Chinook salmon,944,Fall,Natural,Parr,35.0,1,2025-02-27T10:16:36Z,Continue trapping,Eye Riffle,Eye riffle_north,Elastomer,Yellow,Nose,
2,76948213,10717,Chinook salmon,949,Fall,Natural,Parr,48.0,1,2025-02-27T12:49:24Z,Continue trapping,Herringer Riffle,Herringer_east,Pigment / dye,Brown,Whole body,
2,76948214,10717,Chinook salmon,949,Fall,Natural,Parr,34.0,1,2025-02-27T12:49:24Z,Continue trapping,Herringer Riffle,Herringer_east,Pigment / dye,Brown,Whole body,
2,76948215,10717,Chinook salmon,949,Fall,Natural,Parr,42.0,1,2025-02-27T12:49:24Z,Continue trapping,Herringer Riffle,Herringer_east,Pigment / dye,Brown,Whole body,
2,76948216,10717,Chinook salmon,949,Fall,Natural,Parr,50.0,1,2025-02-27T12:49:24Z,Continue trapping,Herringer Riffle,Herringer_east,Pigment / dye,Brown,Whole body,
2,76948217,10717,Chinook salmon,949,Fall,Natural,Parr,42.0,1,2025-02-27T12:49:24Z,Continue trapping,Herringer Riffle,Herringer_east,Pigment / dye,Brown,Whole body,
2,76948218,10717,Chinook salmon,949,Fall,Natural,Parr,34.0,1,2025-02-27T12:49:24Z,Continue trapping,Herringer Riffle,Herringer_east,Pigment / dye,Brown,Whole body,
2,76948219,10717,Chinook salmon,949,Fall,Natural,Parr,35.0,1,2025-02-27T12:49:24Z,Continue trapping,Herringer Riffle,Herringer_east,Pigment / dye,Brown,Whole body,
2,76948220,10717,Chinook salmon,949,Fall,Natural,Parr,34.0,1,2025-02-27T12:49:24Z,Continue trapping,Herringer Riffle,Herringer_east,Pigment / dye,Brown,Whole body,
2,76948221,10717,Chinook salmon,949,Fall,Natural,Parr,49.0,1,2025-02-27T12:49:24Z,Continue trapping,Herringer Riffle,Herringer_east,Pigment / dye,Brown,Whole body,
2,76948222,10717,Chinook salmon,949,Fall,Natural,Parr,37.0,1,2025-02-27T12:49:24Z,Continue trapping,Herringer Riffle,Herringer_east,Pigment / dye,Brown,Whole body,
2,76948223,10717,Chinook salmon,949,Fall,Natural,Parr,35.0,1,2025-02-27T12:49:24Z,Continue trapping,Herringer Riffle,Herringer_east,Pigment / dye,Brown,Whole body,
2,76948224,10717,Chinook salmon,949,Fall,Natural,Parr,34.0,1,2025-02-27T12:49:24Z,Continue trapping,Herringer Riffle,Herringer_east,Pigment / dye,Brown,Whole body,
2,76948307,10718,Chinook salmon,949,Fall,Natural,Parr,39.0,1,2025-02-27T12:46:06Z,Continue trapping,Herringer Riffle,Herringer_Upper_west,Pigment / dye,Brown,Whole body,
2,76948308,10718,Chinook salmon,949,Fall,Natural,Parr,45.0,1,2025-02-27T12:46:06Z,Continue trapping,Herringer Riffle,Herringer_Upper_west,Pigment / dye,Brown,Whole body,
2,76948309,10718,Chinook salmon,949,Fall,Natural,Parr,42.0,1,2025-02-27T12:46:06Z,Continue trapping,Herringer Riffle,Herringer_Upper_west,Pigment / dye,Brown,Whole body,
2,76948427,10720,Chinook salmon,949,Fall,Natural,Parr,46.0,1,2025-02-28T10:05:37Z,Continue trapping,Herringer Riffle,Herringer_east,Pigment / dye,Brown,Whole body,
2,76948428,10720,Chinook salmon,949,Fall,Natural,Parr,34.0,1,2025-02-28T10:05:37Z,Continue trapping,Herringer Riffle,Herringer_east,Pigment / dye,Brown,Whole body,
2,76948557,10722,Chinook salmon,945,Fall,Natural,Fry,35.0,1,2025-03-01T09:30:25Z,Continue trapping,Eye Riffle,Eye riffle_north,Elastomer,White,Nose,
2,76948558,10722,Chinook salmon,945,Fall,Natural,Fry,37.0,1,2025-03-01T09:30:25Z,Continue trapping,Eye Riffle,Eye riffle_north,Elastomer,White,Nose,
2,76948559,10722,Chinook salmon,945,Fall,Natural,Fry,37.0,1,2025-03-01T09:30:25Z,Continue trapping,Eye Riffle,Eye riffle_north,Elastomer,White,Nose,
2,76948560,10722,Chinook salmon,945,Fall,Natural,Fry,38.0,1,2025-03-01T09:30:25Z,Continue trapping,Eye Riffle,Eye riffle_north,Elastomer,White,Nose,
2,76948561,10722,Chinook salmon,945,Fall,Natural,Parr,39.0,1,2025-03-01T09:30:25Z,Continue trapping,Eye Riffle,Eye riffle_north,Elastomer,White,Nose,
2,76948562,10722,Chinook salmon,945,Fall,Natural,Fry,44.0,1,2025-03-01T09:30:25Z,Continue trapping,Eye Riffle,Eye riffle_north,Elastomer,White,Nose,
2,76948563,10722,Chinook salmon,945,Fall,Natural,Fry,38.0,1,2025-03-01T09:30:25Z,Continue trapping,Eye Riffle,Eye riffle_north,Elastomer,White,Nose,
2,76948564,10722,Chinook salmon,945,Fall,Natural,Fry,37.0,1,2025-03-01T09:30:25Z,Continue trapping,Eye Riffle,Eye riffle_north,Elastomer,White,Nose,
2,76948565,10722,Chinook salmon,945,Fall,Natural,Parr,52.0,1,2025-03-01T09:30:25Z,Continue trapping,Eye Riffle,Eye riffle_north,Elastomer,White,Nose,
2,76948649,10723,Chinook salmon,945,Fall,Natural,Parr,41.0,1,2025-03-02T08:29:06Z,Continue trapping,Eye Riffle,Eye riffle_north,Elastomer,White,Nose,
2,76948650,10723,Chinook salmon,945,Fall,Natural,Fry,39.0,1,2025-03-02T08:29:06Z,Continue trapping,Eye Riffle,Eye riffle_north,Elastomer,White,Nose,
2,76948651,10723,Chinook salmon,945,Fall,Natural,Fry,39.0,1,2025-03-02T08:29:06Z,Continue trapping,Eye Riffle,Eye riffle_north,Elastomer,White,Nose,
2,76949102,10729,Chinook salmon,945,Fall,Natural,Fry,35.0,1,2025-03-04T12:14:57Z,Continue trapping,Eye Riffle,Eye riffle_north,Elastomer,White,Nose,
2,76949103,10729,Chinook salmon,945,Fall,Natural,Parr,43.0,1,2025-03-04T12:14:57Z,Continue trapping,Eye Riffle,Eye riffle_north,Elastomer,White,Nose,
2,76949668,10737,Chinook salmon,946,Fall,Natural,Parr,35.0,1,2025-03-06T12:21:58Z,Continue trapping,Eye Riffle,Eye riffle_north,Elastomer,Orange,Nose,
2,76949669,10737,Chinook salmon,946,Fall,Natural,Parr,45.0,1,2025-03-06T12:21:58Z,Continue trapping,Eye Riffle,Eye riffle_north,Elastomer,Orange,Nose,
2,76949670,10737,Chinook salmon,946,Fall,Natural,Parr,37.0,1,2025-03-06T12:21:58Z,Continue trapping,Eye Riffle,Eye riffle_north,Elastomer,Orange,Nose,
2,76949671,10737,Chinook salmon,946,Fall,Natural,Parr,35.0,1,2025-03-06T12:21:58Z,Continue trapping,Eye Riffle,Eye riffle_north,Elastomer,Orange,Nose,
2,76949672,10737,Chinook salmon,946,Fall,Natural,Parr,34.0,1,2025-03-06T12:21:58Z,Continue trapping,Eye Riffle,Eye riffle_north,Elastomer,Orange,Nose,
2,76949673,10737,Chinook salmon,946,Fall,Natural,Parr,37.0,1,2025-03-06T12:21:58Z,Continue trapping,Eye Riffle,Eye riffle_north,Elastomer,Orange,Nose,
2,76949674,10737,Chinook salmon,946,Fall,Natural,Parr,44.0,1,2025-03-06T12:21:58Z,Continue trapping,Eye Riffle,Eye riffle_north,Elastomer,Orange,Nose,
2,76949675,10737,Chinook salmon,946,Fall,Natural,Parr,36.0,1,2025-03-06T12:21:58Z,Continue trapping,Eye Riffle,Eye riffle_north,Elastomer,Orange,Nose,
2,76949676,10737,Chinook salmon,946,Fall,Natural,Parr,45.0,1,2025-03-06T12:21:58Z,Continue trapping,Eye Riffle,Eye riffle_north,Elastomer,Orange,Nose,
2,76949677,10737,Chinook salmon,946,Fall,Natural,Parr,35.0,1,2025-03-06T12:21:58Z,Continue trapping,Eye Riffle,Eye riffle_north,Elastomer,Orange,Nose,
2,76949678,10737,Chinook salmon,946,Fall,Natural,Parr,34.0,1,2025-03-06T12:21:58Z,Continue trapping,Eye Riffle,Eye riffle_north,Elastomer,Orange,Nose,
2,76949679,10737,Chinook salmon,946,Fall,Natural,Parr,35.0,1,2025-03-06T12:21:58Z,Continue trapping,Eye Riffle,Eye riffle_north,Elastomer,Orange,Nose,
2,76949680,10737,Chinook salmon,946,Fall,Natural,Parr,36.0,1,2025-03-06T12:21:58Z,Continue trapping,Eye Riffle,Eye riffle_north,Elastomer,Orange,Nose,
2,76949785,10739,Chinook salmon,950,Fall,Natural,Parr,36.0,1,2025-03-06T10:45:49Z,Continue trapping,Herringer Riffle,Herringer_east,Elastomer,Green,Nose,
2,76949925,10740,Chinook salmon,946,Fall,Natural,Not recorded,35.0,1,2025-03-07T11:35:48Z,Continue trapping,Eye Riffle,Eye riffle_north,Elastomer,Orange,Nose,
2,76949958,10741,Chinook salmon,946,Fall,Natural,Fry,52.0,1,2025-03-08T10:40:39Z,Continue trapping,Eye Riffle,Eye riffle_north,Elastomer,Orange,Nose,
2,76949959,10741,Chinook salmon,946,Fall,Natural,Fry,41.0,1,2025-03-08T10:40:39Z,Continue trapping,Eye Riffle,Eye riffle_north,Elastomer,Orange,Nose,
2,76949960,10741,Chinook salmon,946,Fall,Natural,Fry,32.0,1,2025-03-08T10:40:39Z,Continue trapping,Eye Riffle,Eye riffle_north,Elastomer,Orange,Nose,
2,76950047,10742,Chinook salmon,946,Fall,Natural,Fry,37.0,1,2025-03-09T13:00:37Z,Continue trapping,Eye Riffle,Eye riffle_north,Elastomer,Orange,Nose,
2,76950265,10744,Chinook salmon,950,Fall,Natural,Parr,41.0,1,2025-03-08T08:44:09Z,Continue trapping,Herringer Riffle,Herringer_east,Elastomer,Green,Nose,
2,76950476,10747,Chinook salmon,950,Fall,Natural,Parr,59.0,1,2025-03-08T08:40:09Z,Continue trapping,Herringer Riffle,Herringer_Upper_west,Elastomer,Green,Nose,
2,76951877,10770,Chinook salmon,954,Fall,Natural,Parr,44.0,1,2025-03-17T10:47:08Z,Continue trapping,Herringer Riffle,Herringer_east,Elastomer,Blue,Nose,
2,76952201,10780,Chinook salmon,955,Fall,Natural,Not recorded,64.0,1,2025-03-20T11:40:31Z,Continue trapping,Herringer Riffle,Herringer_east,Elastomer,Yellow,Nose,
2,76952202,10780,Chinook salmon,955,Fall,Natural,Not recorded,67.0,1,2025-03-20T11:40:31Z,Continue trapping,Herringer Riffle,Herringer_east,Elastomer,Yellow,Nose,
2,76952203,10780,Chinook salmon,955,Fall,Natural,Not recorded,62.0,1,2025-03-20T11:40:31Z,Continue trapping,Herringer Riffle,Herringer_east,Elastomer,Yellow,Nose,
2,76952204,10780,Chinook salmon,955,Fall,Natural,Not recorded,57.0,1,2025-03-20T11:40:31Z,Continue trapping,Herringer Riffle,Herringer_east,Elastomer,Yellow,Nose,
2,76952205,10780,Chinook salmon,955,Fall,Natural,Not recorded,63.0,1,2025-03-20T11:40:31Z,Continue trapping,Herringer Riffle,Herringer_east,Elastomer,Yellow,Nose,
2,76952493,10784,Chinook salmon,955,Fall,Natural,Not recorded,64.0,1,2025-03-21T10:09:20Z,Continue trapping,Herringer Riffle,Herringer_east,Elastomer,Yellow,Nose,
2,76953684,10815,Chinook salmon,956,Fall,Natural,Silvery parr,71.0,1,2025-03-29T10:32:01Z,Continue trapping,Herringer Riffle,Herringer_east,Elastomer,White,Nose,
2,76953685,10815,Chinook salmon,956,Fall,Natural,Parr,67.0,1,2025-03-29T10:32:01Z,Continue trapping,Herringer Riffle,Herringer_east,Elastomer,White,Nose,
2,76953686,10815,Chinook salmon,956,Fall,Natural,Parr,64.0,1,2025-03-29T10:32:01Z,Continue trapping,Herringer Riffle,Herringer_east,Elastomer,White,Nose,
2,76953687,10815,Chinook salmon,956,Fall,Natural,Silvery parr,68.0,1,2025-03-29T10:32:01Z,Continue trapping,Herringer Riffle,Herringer_east,Elastomer,White,Nose,
2,76953688,10815,Chinook salmon,956,Fall,Natural,Parr,65.0,1,2025-03-29T10:32:01Z,Continue trapping,Herringer Riffle,Herringer_east,Elastomer,White,Nose,
2,76953689,10815,Chinook salmon,956,Fall,Natural,Not recorded,65.0,1,2025-03-29T10:32:01Z,Continue trapping,Herringer Riffle,Herringer_east,Elastomer,White,Nose,
2,76953727,10816,Chinook salmon,956,Fall,Natural,Parr,71.0,1,2025-03-29T10:57:12Z,Continue trapping,Herringer Riffle,Herringer_Upper_west,Elastomer,White,Nose,
2,76954429,10844,Chinook salmon,956,Fall,Natural,Silvery parr,73.0,1,2025-04-05T11:12:12Z,Continue trapping,Herringer Riffle,Herringer_east,Elastomer,White,Nose,
2,76955133,10870,Chinook salmon,957,,Natural,Silvery parr,79.0,1,2025-04-12T11:00:50Z,Continue trapping,Herringer Riffle,Herringer_east,Elastomer,Orange,Nose,
2,76955134,10870,Chinook salmon,957,,Natural,Silvery parr,81.0,1,2025-04-12T11:00:50Z,Continue trapping,Herringer Riffle,Herringer_east,Elastomer,Orange,Nose,
2,76955156,10871,Chinook salmon,957,Fall,Natural,Not recorded,78.0,1,2025-04-13T11:15:08Z,Continue trapping,Herringer Riffle,Herringer_east,Elastomer,Orange,Nose,
2,76955317,10880,Chinook salmon,957,Fall,Natural,Silvery parr,66.0,1,2025-04-12T10:37:36Z,Continue trapping,Herringer Riffle,Herringer_Upper_west,Elastomer,Orange,Nose,
