projectDescriptionID,trapVisitID,visitTime,siteName,subSiteName,visitType,fishProcessed,trapFunctioning,counterAtEnd,rpmRevolutionsAtStart,rpmRevolutionsAtEnd,includeCatch,waterTemp,turbidity
2,10563,2025-01-01T10:05:05Z,Herringer Riffle,Herringer_Upper_west,Continue trapping,Processed fish,Trap functioning normally,5225.0,3.59999990463257,3.70000004768372,Yes,9.0,2.42000007629395
2,10567,2025-01-01T10:18:01Z,Herringer Riffle,Herringer_east,Continue trapping,Processed fish,Trap functioning normally,7125.0,4.69999980926514,5.19999980926514,Yes,9.0,2.42000007629395
2,10552,2025-01-01T12:31:50Z,Eye Riffle,Eye riffle_north,Continue trapping,Processed fish,Trap functioning normally,5177.0,3.40000009536743,3.09999990463257,Yes,11.0,2.94000005722046
2,10571,2025-01-02T09:05:11Z,Eye Riffle,Eye riffle_north,Continue trapping,Processed fish,Trap functioning normally,4275.0,3.20000004768372,3.29999995231628,Yes,8.0,2.76999998092651
2,10564,2025-01-02T11:51:55Z,Herringer Riffle,Herringer_Upper_west,Continue trapping,Processed fish,Trap functioning normally,5985.0,4.0,3.70000004768372,Yes,9.0,1.83000004291534
2,10568,2025-01-02T11:52:47Z,Herringer Riffle,Herringer_east,Continue trapping,Processed fish,Trap functioning normally,7980.0,5.40000009536743,5.0,Yes,9.0,1.83000004291534
2,10570,2025-01-03T09:18:55Z,Herringer Riffle,Herringer_Upper_west,Continue trapping,Processed fish,Trap functioning normally,5035.0,3.90000009536743,4.09999990463257,Yes,9.0,2.70000004768372
2,10569,2025-01-03T09:21:41Z,Herringer Riffle,Herringer_east,Continue trapping,Processed fish,Trap functioning normally,6697.0,5.19999980926514,5.30000019073486,Yes,9.0,2.70000004768372
2,10572,2025-01-03T10:30:48Z,Eye Riffle,Eye riffle_north,Continue trapping,Processed fish,Trap functioning normally,4655.0,3.29999995231628,3.5,Yes,10.0,4.69999980926514
2,10577,2025-01-04T10:11:27Z,Herringer Riffle,Herringer_Upper_west,Continue trapping,Processed fish,Trap functioning normally,5652.0,4.0,4.0,Yes,8.5,2.42000007629395
2,10581,2025-01-04T10:22:08Z,Herringer Riffle,Herringer_east,Continue trapping,Processed fish,Trap functioning normally,7885.0,4.69999980926514,5.0,Yes,8.5,2.42000007629395
2,10573,2025-01-04T11:40:22Z,Eye Riffle,Eye riffle_north,Continue trapping,Processed fish,Trap functioning normally,5130.0,3.59999990463257,3.20000004768372,Yes,12.0,2.99000000953674
2,10574,2025-01-05T09:23:54Z,Eye Riffle,Eye riffle_north,Continue trapping,Processed fish,Trap functioning normally,4085.0,3.0,3.20000004768372,Yes,9.0,4.05999994277954
2,10582,2025-01-05T11:45:10Z,Herringer Riffle,Herringer_east,Continue trapping,Processed fish,Trap functioning normally,7885.0,5.0,5.19999980926514,Yes,9.0,2.67000007629395
2,10578,2025-01-05T11:46:17Z,Herringer Riffle,Herringer_Upper_west,Continue trapping,Processed fish,Trap functioning normally,5557.0,3.59999990463257,3.59999990463257,Yes,9.0,2.67000007629395
2,10583,2025-01-06T10:44:23Z,Herringer Riffle,Herringer_east,Continue trapping,Processed fish,Trap functioning normally,6792.0,4.69999980926514,5.0,Yes,9.0,2.83999991416931
2,10579,2025-01-06T11:30:28Z,Herringer Riffle,Herringer_Upper_west,Continue trapping,Processed fish,Trap functioning normally,4750.0,3.0,3.40000009536743,Yes,9.0,2.83999991416931
2,10575,2025-01-06T13:54:29Z,Eye Riffle,Eye riffle_north,Continue trapping,Processed fish,Trap functioning normally,5652.0,3.20000004768372,3.40000009536743,Yes,13.0,4.46999979019165
2,10584,2025-01-07T10:00:37Z,Herringer Riffle,Herringer_east,Continue trapping,Processed fish,Trap functioning normally,6840.0,5.0,5.19999980926514,Yes,9.0,2.34999990463257
2,10580,2025-01-07T10:38:50Z,Herringer Riffle,Herringer_Upper_west,Continue trapping,Processed fish,Trap functioning normally,4370.0,3.09999990463257,3.5,Yes,9.0,2.34999990463257
2,10576,2025-01-07T12:23:43Z,Eye Riffle,Eye riffle_north,Continue trapping,Processed fish,Trap functioning normally,4275.0,3.20000004768372,3.20000004768372,Yes,11.0,2.1800000667572
2,10589,2025-01-08T09:55:42Z,Herringer Riffle,Herringer_east,Continue trapping,Processed fish,Trap functioning normally,6935.0,4.69999980926514,5.0,Yes,8.5,1.60000002384186
2,10587,2025-01-08T09:55:45Z,Herringer Riffle,Herringer_Upper_west,Continue trapping,Processed fish,Trap functioning normally,4322.0,3.20000004768372,3.59999990463257,Yes,8.5,1.60000002384186
2,10585,2025-01-08T12:15:15Z,Eye Riffle,Eye riffle_north,Continue trapping,Processed fish,Trap functioning normally,4512.0,3.20000004768372,3.20000004768372,Yes,9.0,2.5
2,10588,2025-01-09T10:38:43Z,Herringer Riffle,Herringer_Upper_west,Unplanned restart,Processed fish,Trap stopped functioning,1900.0,0.0,3.70000004768372,Yes,8.0,1.25
2,10590,2025-01-09T10:52:34Z,Herringer Riffle,Herringer_east,Continue trapping,Processed fish,Trap functioning normally,7885.0,5.19999980926514,4.90000009536743,Yes,8.0,1.25
2,10586,2025-01-09T12:59:04Z,Eye Riffle,Eye riffle_north,Continue trapping,Processed fish,Trap functioning normally,4702.0,3.09999990463257,3.09999990463257,Yes,9.0,1.76999998092651
2,10595,2025-01-10T10:03:06Z,Herringer Riffle,Herringer_east,Continue trapping,Processed fish,Trap functioning normally,6982.0,5.30000019073486,5.0,Yes,8.5,1.52999997138977
2,10600,2025-01-10T11:10:05Z,Herringer Riffle,Herringer_Upper_west,Continue trapping,Processed fish,Trap functioning normally,5700.0,3.79999995231628,3.90000009536743,Yes,8.5,1.52999997138977
2,10591,2025-01-10T14:17:50Z,Eye Riffle,Eye riffle_north,Continue trapping,Processed fish,Trap functioning normally,4702.0,3.09999990463257,3.0,Yes,9.0,1.64999997615814
2,10592,2025-01-11T08:21:17Z,Eye Riffle,Eye riffle_north,Continue trapping,Processed fish,Trap functioning normally,3420.0,3.09999990463257,3.09999990463257,Yes,7.5,2.21000003814697
2,10662,2025-01-11T10:12:37Z,Herringer Riffle,Herringer_Upper_west,Continue trapping,Processed fish,Trap functioning normally,4750.0,3.59999990463257,3.5,Yes,8.0,2.17000007629395
2,10596,2025-01-11T10:22:21Z,Herringer Riffle,Herringer_east,Continue trapping,Processed fish,Trap functioning normally,7220.0,4.90000009536743,4.90000009536743,Yes,8.0,2.17000007629395
2,10593,2025-01-12T09:21:49Z,Eye Riffle,Eye riffle_north,Continue trapping,Processed fish,Trap functioning normally,4845.0,2.79999995231628,2.70000004768372,Yes,7.0,3.66000008583069
2,10597,2025-01-12T11:26:43Z,Herringer Riffle,Herringer_east,Continue trapping,Processed fish,Trap functioning normally,7410.0,5.09999990463257,4.69999980926514,Yes,8.0,3.42000007629395
2,10602,2025-01-12T11:26:59Z,Herringer Riffle,Herringer_Upper_west,Continue trapping,Processed fish,Trap functioning normally,5225.0,3.29999995231628,3.20000004768372,Yes,8.0,3.42000007629395
2,10598,2025-01-13T09:54:24Z,Herringer Riffle,Herringer_east,Continue trapping,Processed fish,Trap functioning normally,6175.0,4.80000019073486,4.90000009536743,Yes,8.0,1.5900000333786
2,10603,2025-01-13T10:00:23Z,Herringer Riffle,Herringer_Upper_west,Continue trapping,Processed fish,Trap functioning normally,4750.0,3.70000004768372,3.29999995231628,Yes,8.0,1.5900000333786
2,10594,2025-01-13T12:10:14Z,Eye Riffle,Eye riffle_north,Continue trapping,Processed fish,Trap functioning normally,4465.0,2.90000009536743,2.70000004768372,Yes,8.0,1.30999994277954
2,10599,2025-01-14T10:30:16Z,Herringer Riffle,Herringer_east,Continue trapping,Processed fish,Trap functioning normally,7030.0,5.09999990463257,4.59999990463257,Yes,8.0,2.53999996185303
2,10604,2025-01-14T10:30:48Z,Herringer Riffle,Herringer_Upper_west,Continue trapping,Processed fish,Trap functioning normally,4750.0,3.40000009536743,3.09999990463257,Yes,8.0,2.53999996185303
2,10607,2025-01-14T12:50:32Z,Eye Riffle,Eye riffle_north,Continue trapping,Processed fish,Trap functioning normally,4132.0,3.0,,Yes,8.5,3.44000005722046
2,10605,2025-01-15T10:33:34Z,Herringer Riffle,Herringer_Upper_west,Continue trapping,Processed fish,Trap functioning normally,4750.0,2.90000009536743,3.29999995231628,Yes,7.5,3.15000009536743
2,10609,2025-01-15T10:42:14Z,Herringer Riffle,Herringer_east,Continue trapping,Processed fish,Trap functioning normally,6745.0,4.5,4.80000019073486,Yes,7.5,3.15000009536743
2,10608,2025-01-15T13:10:37Z,Eye Riffle,Eye riffle_north,Continue trapping,Processed fish,Trap functioning normally,3847.0,2.59999990463257,2.59999990463257,Yes,10.0,3.57999992370605
2,10615,2025-01-16T10:38:54Z,Herringer Riffle,Herringer_Upper_west,Continue trapping,Processed fish,Trap functioning normally,4275.0,3.0,3.90000009536743,Yes,7.5,4.01000022888184
2,10621,2025-01-16T11:36:14Z,Herringer Riffle,Herringer_east,Continue trapping,Processed fish,Trap functioning normally,6887.0,4.5,4.69999980926514,Yes,7.5,4.01000022888184
2,10610,2025-01-16T13:50:54Z,Eye Riffle,Eye riffle_north,Continue trapping,Processed fish,Trap functioning normally,3705.0,2.59999990463257,3.09999990463257,Yes,8.0,2.86999988555908
2,10616,2025-01-17T10:20:37Z,Herringer Riffle,Herringer_Upper_west,Continue trapping,Processed fish,Trap functioning normally,5700.0,4.0,4.0,Yes,7.5,1.61000001430511
2,10622,2025-01-17T10:20:47Z,Herringer Riffle,Herringer_east,Continue trapping,Processed fish,Trap functioning normally,7030.0,5.09999990463257,5.40000009536743,Yes,7.5,1.61000001430511
2,10611,2025-01-17T13:07:47Z,Eye Riffle,Eye riffle_north,Continue trapping,Processed fish,Trap functioning normally,4037.0,2.79999995231628,2.79999995231628,Yes,8.0,1.33000004291534
2,10617,2025-01-18T10:06:48Z,Herringer Riffle,Herringer_Upper_west,Continue trapping,Processed fish,Trap functioning normally,5225.0,3.70000004768372,3.90000009536743,Yes,9.5,1.27999997138977
2,10623,2025-01-18T10:40:26Z,Herringer Riffle,Herringer_east,Continue trapping,Processed fish,Trap functioning normally,7742.0,5.19999980926514,5.19999980926514,Yes,9.5,1.27999997138977
2,10612,2025-01-18T13:33:19Z,Eye Riffle,Eye riffle_north,Continue trapping,Processed fish,Trap functioning normally,4085.0,2.70000004768372,2.5,Yes,8.0,1.39999997615814
2,10613,2025-01-19T11:15:50Z,Eye Riffle,Eye riffle_north,Continue trapping,Processed fish,Trap functioning normally,2945.0,2.20000004768372,2.20000004768372,Yes,7.0,3.13000011444092
2,10624,2025-01-19T12:46:23Z,Herringer Riffle,Herringer_east,Continue trapping,Processed fish,Trap functioning normally,7695.0,5.09999990463257,5.09999990463257,Yes,7.0,3.69000005722046
2,10618,2025-01-19T12:46:23Z,Herringer Riffle,Herringer_Upper_west,Continue trapping,Processed fish,Trap functioning normally,6175.0,3.40000009536743,3.5,Yes,7.0,3.69000005722046
2,10625,2025-01-20T08:52:48Z,Herringer Riffle,Herringer_east,Continue trapping,Processed fish,Trap functioning normally,5937.0,4.90000009536743,5.0,Yes,7.0,2.4300000667572
2,10619,2025-01-20T08:58:02Z,Herringer Riffle,Herringer_Upper_west,Continue trapping,Processed fish,Trap functioning normally,4275.0,3.40000009536743,3.40000009536743,Yes,7.0,2.4300000667572
2,10614,2025-01-20T11:38:47Z,Eye Riffle,Eye riffle_north,Continue trapping,Processed fish,Trap functioning normally,3372.0,2.0,3.09999990463257,Yes,8.0,2.25
2,10626,2025-01-21T10:00:01Z,Herringer Riffle,Herringer_east,Continue trapping,Processed fish,Trap functioning normally,7220.0,4.90000009536743,5.09999990463257,Yes,7.0,1.35000002384186
2,10620,2025-01-21T10:10:12Z,Herringer Riffle,Herringer_Upper_west,Continue trapping,Processed fish,Trap functioning normally,4750.0,3.20000004768372,3.79999995231628,Yes,7.0,1.35000002384186
2,10627,2025-01-21T14:00:29Z,Eye Riffle,Eye riffle_north,Continue trapping,Processed fish,Trap functioning normally,4465.0,2.70000004768372,2.70000004768372,Yes,8.0,1.66999995708466
2,10640,2025-01-22T10:45:53Z,Herringer Riffle,Herringer_east,Continue trapping,Processed fish,Trap functioning normally,7267.0,5.0,5.09999990463257,Yes,6.0,3.79999995231628
2,10634,2025-01-22T10:50:27Z,Herringer Riffle,Herringer_Upper_west,Continue trapping,Processed fish,Trap functioning normally,5225.0,3.5,3.5,Yes,6.0,3.79999995231628
2,10628,2025-01-22T13:10:33Z,Eye Riffle,Eye riffle_north,Continue trapping,Processed fish,Trap functioning normally,3325.0,2.20000004768372,2.59999990463257,Yes,9.0,1.79999995231628
2,10641,2025-01-23T11:10:46Z,Herringer Riffle,Herringer_east,Continue trapping,Processed fish,Trap functioning normally,7220.0,4.90000009536743,5.0,Yes,7.0,1.39999997615814
2,10635,2025-01-23T11:13:00Z,Herringer Riffle,Herringer_Upper_west,Continue trapping,Processed fish,Trap functioning normally,5225.0,3.5,3.40000009536743,Yes,7.0,1.39999997615814
2,10629,2025-01-23T14:39:33Z,Eye Riffle,Eye riffle_north,Continue trapping,Processed fish,Trap functioning normally,4227.0,2.59999990463257,2.79999995231628,Yes,8.0,1.10000002384186
2,10630,2025-01-24T09:42:48Z,Eye Riffle,Eye riffle_north,Continue trapping,Processed fish,Trap functioning normally,3182.0,3.09999990463257,3.0,Yes,7.5,1.37000000476837
2,10636,2025-01-24T14:30:58Z,Herringer Riffle,Herringer_Upper_west,Continue trapping,Processed fish,Trap functioning normally,5225.0,3.29999995231628,3.20000004768372,Yes,7.5,1.54999995231628
2,10642,2025-01-24T15:00:26Z,Herringer Riffle,Herringer_east,Continue trapping,Processed fish,Trap functioning normally,7837.0,4.59999990463257,4.69999980926514,Yes,7.5,1.54999995231628
2,10631,2025-01-25T10:08:38Z,Eye Riffle,Eye riffle_north,Continue trapping,Processed fish,Trap functioning normally,3515.0,2.29999995231628,2.09999990463257,Yes,7.0,2.10999989509583
2,10637,2025-01-25T12:11:57Z,Herringer Riffle,Herringer_Upper_west,Continue trapping,Processed fish,Trap functioning normally,4275.0,3.09999990463257,2.70000004768372,Yes,7.5,1.92999994754791
2,10643,2025-01-25T12:33:31Z,Herringer Riffle,Herringer_east,Continue trapping,Processed fish,Trap functioning normally,5937.0,4.59999990463257,4.59999990463257,Yes,7.5,1.92999994754791
2,10632,2025-01-26T09:00:53Z,Eye Riffle,Eye riffle_north,Continue trapping,Processed fish,Trap functioning normally,2755.0,1.70000004768372,2.79999995231628,Yes,6.0,3.3199999332428
2,10644,2025-01-26T11:27:19Z,Herringer Riffle,Herringer_east,Continue trapping,Processed fish,Trap functioning normally,6127.0,4.40000009536743,4.40000009536743,Yes,7.0,1.47000002861023
2,10638,2025-01-26T12:06:49Z,Herringer Riffle,Herringer_Upper_west,Continue trapping,Processed fish,Trap functioning normally,3800.0,3.09999990463257,2.90000009536743,Yes,7.0,1.47000002861023
2,10639,2025-01-27T10:19:07Z,Herringer Riffle,Herringer_Upper_west,Continue trapping,Processed fish,Trap functioning normally,3800.0,2.20000004768372,3.5,Yes,7.0,1.47000002861023
2,10645,2025-01-27T10:39:18Z,Herringer Riffle,Herringer_east,Continue trapping,Processed fish,Trap functioning normally,6080.0,4.19999980926514,5.0,Yes,7.0,1.47000002861023
2,10633,2025-01-27T13:41:10Z,Eye Riffle,Eye riffle_north,Continue trapping,Processed fish,Trap functioning normally,4322.0,2.20000004768372,3.29999995231628,Yes,8.0,1.73000001907349
2,10646,2025-01-28T10:10:10Z,Eye Riffle,Eye riffle_north,Continue trapping,Processed fish,Trap functioning normally,3610.0,2.79999995231628,2.79999995231628,Yes,7.5,1.54999995231628
2,10647,2025-01-28T13:27:43Z,Herringer Riffle,Herringer_east,Continue trapping,Processed fish,Trap functioning normally,7410.0,4.59999990463257,4.5,Yes,7.5,2.15000009536743
2,10648,2025-01-28T14:05:18Z,Herringer Riffle,Herringer_Upper_west,Continue trapping,Processed fish,Trap functioning normally,4750.0,3.20000004768372,3.29999995231628,Yes,7.5,2.15000009536743
2,10649,2025-01-29T11:08:15Z,Eye Riffle,Eye riffle_north,Continue trapping,Processed fish,Trap functioning normally,3942.0,2.29999995231628,2.40000009536743,Yes,8.0,1.0900000333786
2,10651,2025-01-29T14:06:51Z,Herringer Riffle,Herringer_Upper_west,Continue trapping,Processed fish,Trap functioning normally,4750.0,2.5,3.0,Yes,8.0,4.0
2,10650,2025-01-29T14:11:17Z,Herringer Riffle,Herringer_east,Continue trapping,Processed fish,Trap functioning normally,6460.0,4.40000009536743,4.5,Yes,8.0,4.0
2,10652,2025-01-30T09:29:55Z,Eye Riffle,Eye riffle_north,Continue trapping,Processed fish,Trap functioning normally,2660.0,1.60000002384186,1.60000002384186,Yes,7.0,3.63000011444092
2,10659,2025-01-30T10:43:52Z,Herringer Riffle,Herringer_Upper_west,End trapping,Processed fish,Trap functioning normally,3325.0,2.59999990463257,,Yes,7.0,2.61999988555908
2,10656,2025-01-30T12:07:53Z,Herringer Riffle,Herringer_east,End trapping,Processed fish,Trap functioning normally,5700.0,4.80000019073486,,Yes,7.0,2.61999988555908
2,10653,2025-01-31T09:29:21Z,Eye Riffle,Eye riffle_north,End trapping,Processed fish,Trap functioning normally,1710.0,1.0,,Yes,7.0,4.40000009536743
2,10654,2025-02-01T09:44:26Z,Eye Riffle,Eye riffle_north,Service/adjust/clean trap,Not applicable,Trap not in service,0.0,,,Yes,,
2,10660,2025-02-01T11:07:07Z,Herringer Riffle,Herringer_Upper_west,Drive-by only,Not applicable,Trap functioning normally,,,,Yes,,
2,10657,2025-02-01T11:07:23Z,Herringer Riffle,Herringer_east,Service/adjust/clean trap,Not applicable,Trap not in service,,,,Yes,,
2,10655,2025-02-02T08:58:09Z,Eye Riffle,Eye riffle_north,Drive-by only,Not applicable,Trap not in service,,,,Yes,8.0,2.0699999332428
2,10661,2025-02-02T10:00:09Z,Herringer Riffle,Herringer_Upper_west,Service/adjust/clean trap,Not applicable,Trap not in service,,,,Yes,7.5,5.65000009536743
2,10658,2025-02-02T10:00:40Z,Herringer Riffle,Herringer_east,Service/adjust/clean trap,Not applicable,Trap not in service,,,,Yes,7.5,5.65000009536743
2,10663,2025-02-06T10:55:34Z,Eye Riffle,Eye riffle_north,Start trap & begin trapping,Not applicable,Trap functioning normally,,,5.40000009536743,Yes,9.0,4.76999998092651
2,10664,2025-02-07T10:45:38Z,Eye Riffle,Eye riffle_north,Continue trapping,Processed fish,Trap functioning normally,8265.0,5.80000019073486,6.0,Yes,8.0,4.5
2,10665,2025-02-08T09:08:07Z,Eye Riffle,Eye riffle_north,Continue trapping,Processed fish,Trap functioning normally,7885.0,6.19999980926514,5.69999980926514,Yes,7.0,4.57000017166138
2,10666,2025-02-09T12:30:37Z,Eye Riffle,Eye riffle_north,Continue trapping,Processed fish,Trap functioning normally,9215.0,5.59999990463257,5.69999980926514,Yes,8.5,3.96000003814697
2,10667,2025-02-10T10:15:18Z,Eye Riffle,Eye riffle_north,Continue trapping,Processed fish,Trap functioning normally,7362.0,5.90000009536743,5.19999980926514,Yes,7.0,5.21000003814697
2,10668,2025-02-10T14:20:12Z,Herringer Riffle,Herringer_Upper_west,Start trap & begin trapping,Not applicable,Trap functioning normally,,3.79999995231628,,Yes,7.5,4.69999980926514
2,10669,2025-02-11T11:10:29Z,Eye Riffle,Eye riffle_north,Continue trapping,Processed fish,Trap functioning normally,8217.0,5.30000019073486,5.40000009536743,Yes,8.0,5.09000015258789
2,10673,2025-02-11T13:27:19Z,Herringer Riffle,Herringer_Upper_west,Continue trapping,Processed fish,Trap functioning normally,5700.0,4.19999980926514,3.90000009536743,Yes,7.0,6.26000022888184
2,10670,2025-02-12T10:40:58Z,Eye Riffle,Eye riffle_north,Continue trapping,Processed fish,Trap functioning normally,7552.0,5.19999980926514,5.40000009536743,Yes,7.0,2.99000000953674
2,10674,2025-02-12T13:10:47Z,Herringer Riffle,Herringer_Upper_west,Continue trapping,Processed fish,Trap functioning normally,5225.0,3.90000009536743,3.79999995231628,Yes,7.0,6.8899998664856
2,10677,2025-02-12T13:22:43Z,Herringer Riffle,Herringer_east,Start trap & begin trapping,Not applicable,Trap functioning normally,,,5.90000009536743,Yes,2.0,6.8899998664856
2,10671,2025-02-13T09:30:40Z,Eye Riffle,Eye riffle_north,Continue trapping,Processed fish,Trap functioning normally,7315.0,5.69999980926514,5.30000019073486,Yes,8.0,5.21000003814697
2,10678,2025-02-13T12:00:19Z,Herringer Riffle,Herringer_east,Continue trapping,Processed fish,Trap functioning normally,7980.0,5.40000009536743,5.90000009536743,Yes,7.0,4.26999998092651
2,10675,2025-02-13T12:00:59Z,Herringer Riffle,Herringer_Upper_west,Continue trapping,Processed fish,Trap functioning normally,5225.0,4.30000019073486,3.90000009536743,Yes,7.0,4.26999998092651
2,10672,2025-02-14T09:53:28Z,Eye Riffle,Eye riffle_north,Continue trapping,Processed fish,Trap functioning normally,6792.0,4.30000019073486,4.80000019073486,Yes,8.0,3.11999988555908
2,10676,2025-02-14T12:40:22Z,Herringer Riffle,Herringer_Upper_west,Continue trapping,Processed fish,Trap functioning normally,5700.0,3.90000009536743,3.70000004768372,Yes,8.0,5.55000019073486
2,10679,2025-02-14T12:40:30Z,Herringer Riffle,Herringer_east,Continue trapping,Processed fish,Trap functioning normally,7410.0,5.09999990463257,5.40000009536743,Yes,8.0,5.55000019073486
2,10680,2025-02-15T09:35:10Z,Eye Riffle,Eye riffle_north,Continue trapping,Processed fish,Trap functioning normally,5652.0,3.90000009536743,3.90000009536743,Yes,7.0,4.63000011444092
2,10681,2025-02-15T12:37:31Z,Herringer Riffle,Herringer_Upper_west,Continue trapping,Processed fish,Trap functioning but not normally,5225.0,3.70000004768372,4.19999980926514,Yes,8.0,4.65000009536743
2,10682,2025-02-15T13:58:12Z,Herringer Riffle,Herringer_east,Continue trapping,Processed fish,Trap functioning but not normally,8075.0,5.30000019073486,6.0,Yes,8.0,4.65000009536743
2,10683,2025-02-16T09:00:21Z,Eye Riffle,Eye riffle_north,Continue trapping,Processed fish,Trap functioning normally,5320.0,4.0,3.79999995231628,Yes,8.0,3.32999992370605
2,10684,2025-02-16T10:26:56Z,Herringer Riffle,Herringer_Upper_west,Continue trapping,Processed fish,Trap functioning normally,5225.0,3.70000004768372,4.19999980926514,Yes,7.5,9.61999988555908
2,10685,2025-02-16T10:52:02Z,Herringer Riffle,Herringer_east,Continue trapping,Processed fish,Trap functioning normally,7077.0,5.09999990463257,5.69999980926514,Yes,7.5,9.61999988555908
2,10688,2025-02-17T09:10:13Z,Eye Riffle,Eye riffle_north,Continue trapping,Processed fish,Trap functioning normally,5510.0,4.0,4.09999990463257,Yes,8.0,4.69999980926514
2,10687,2025-02-17T11:10:18Z,Herringer Riffle,Herringer_Upper_west,Continue trapping,Processed fish,Trap functioning normally,6175.0,4.30000019073486,3.90000009536743,Yes,7.0,2.75999999046326
2,10686,2025-02-17T11:19:41Z,Herringer Riffle,Herringer_east,Continue trapping,Processed fish,Trap functioning normally,8455.0,5.80000019073486,5.69999980926514,Yes,7.0,2.75999999046326
2,10689,2025-02-18T10:05:51Z,Eye Riffle,Eye riffle_north,Continue trapping,Processed fish,Trap functioning normally,5272.0,3.40000009536743,3.59999990463257,Yes,8.0,3.61999988555908
2,10691,2025-02-18T12:40:36Z,Herringer Riffle,Herringer_east,Continue trapping,Processed fish,Trap functioning normally,8550.0,5.69999980926514,5.90000009536743,Yes,8.0,4.32999992370605
2,10690,2025-02-18T13:34:27Z,Herringer Riffle,Herringer_Upper_west,Continue trapping,Processed fish,Trap functioning normally,6650.0,4.19999980926514,4.5,Yes,8.0,4.32999992370605
2,10694,2025-02-19T10:00:36Z,Herringer Riffle,Herringer_east,Continue trapping,Processed fish,Trap functioning normally,7552.0,5.5,5.90000009536743,Yes,8.0,4.34000015258789
2,10693,2025-02-19T10:28:15Z,Herringer Riffle,Herringer_Upper_west,Continue trapping,Processed fish,Trap functioning normally,950.0,0.0,4.59999990463257,Yes,8.0,4.34000015258789
2,10692,2025-02-19T12:13:47Z,Eye Riffle,Eye riffle_north,Continue trapping,Processed fish,Trap functioning normally,5272.0,3.09999990463257,60.0,Yes,8.0,4.65999984741211
2,10696,2025-02-20T10:30:05Z,Herringer Riffle,Herringer_east,Continue trapping,Processed fish,Trap functioning normally,8692.0,5.5,5.90000009536743,Yes,8.0,3.47000002861023
2,10697,2025-02-20T10:30:21Z,Herringer Riffle,Herringer_Upper_west,Continue trapping,Processed fish,Trap functioning normally,6175.0,4.40000009536743,4.59999990463257,Yes,8.0,3.47000002861023
2,10695,2025-02-20T13:30:38Z,Eye Riffle,Eye riffle_north,Continue trapping,Processed fish,Trap functioning normally,4845.0,2.40000009536743,3.20000004768372,Yes,8.5,6.75
2,10699,2025-02-21T10:45:42Z,Herringer Riffle,Herringer_east,Continue trapping,Processed fish,Trap functioning normally,8835.0,5.69999980926514,5.59999990463257,Yes,8.0,2.88000011444092
2,10700,2025-02-21T11:54:40Z,Herringer Riffle,Herringer_Upper_west,Continue trapping,Processed fish,Trap functioning normally,6650.0,4.40000009536743,3.90000009536743,Yes,8.0,2.88000011444092
2,10698,2025-02-21T13:50:51Z,Eye Riffle,Eye riffle_north,Continue trapping,Processed fish,Trap functioning normally,4228.0,2.20000004768372,2.79999995231628,Yes,9.0,4.67999982833862
2,10702,2025-02-22T09:26:09Z,Eye Riffle,Eye riffle_north,Continue trapping,Processed fish,Trap functioning normally,2850.0,2.5,2.90000009536743,Yes,10.0,3.25
2,10703,2025-02-22T11:10:34Z,Herringer Riffle,Herringer_east,Unplanned restart,Processed fish,Trap stopped functioning,7362.0,0.0,6.0,Yes,11.0,5.48000001907349
2,10701,2025-02-22T11:12:52Z,Herringer Riffle,Herringer_Upper_west,Continue trapping,Processed fish,Trap functioning normally,6175.0,4.40000009536743,4.30000019073486,Yes,11.0,5.48000001907349
2,10706,2025-02-23T08:42:12Z,Eye Riffle,Eye riffle_north,Continue trapping,Processed fish,Trap functioning normally,3562.0,2.5,2.90000009536743,Yes,10.0,4.01000022888184
2,10705,2025-02-23T10:32:00Z,Herringer Riffle,Herringer_Upper_west,Continue trapping,Processed fish,Trap functioning normally,6175.0,4.59999990463257,4.5,Yes,10.0,4.53000020980835
2,10704,2025-02-23T11:28:16Z,Herringer Riffle,Herringer_east,Continue trapping,Processed fish,Trap functioning normally,8787.0,6.0,6.0,Yes,10.0,4.53000020980835
2,10709,2025-02-24T10:30:05Z,Herringer Riffle,Herringer_east,Continue trapping,Processed fish,Trap functioning normally,8502.0,6.09999990463257,5.90000009536743,Yes,9.0,5.90999984741211
2,10711,2025-02-24T10:35:00Z,Herringer Riffle,Herringer_Upper_west,Continue trapping,Processed fish,Trap functioning normally,6650.0,4.40000009536743,4.09999990463257,Yes,9.0,5.71000003814697
2,10707,2025-02-24T13:30:39Z,Eye Riffle,Eye riffle_north,Continue trapping,Processed fish,Trap functioning normally,5035.0,2.70000004768372,2.79999995231628,Yes,9.0,6.15000009536743
2,10710,2025-02-25T09:56:50Z,Herringer Riffle,Herringer_east,Continue trapping,Processed fish,Trap functioning normally,8597.0,6.19999980926514,6.0,Yes,9.0,3.71000003814697
2,10712,2025-02-25T10:01:34Z,Herringer Riffle,Herringer_Upper_west,Continue trapping,Processed fish,Trap functioning normally,5700.0,4.19999980926514,4.0,Yes,9.0,3.71000003814697
2,10708,2025-02-25T12:10:00Z,Eye Riffle,Eye riffle_north,Continue trapping,Processed fish,Trap functioning normally,3705.0,2.70000004768372,2.59999990463257,Yes,9.0,3.54999995231628
2,10714,2025-02-26T11:13:21Z,Herringer Riffle,Herringer_Upper_west,Continue trapping,Processed fish,Trap functioning normally,6650.0,4.69999980926514,4.19999980926514,Yes,9.0,4.28000020980835
2,10715,2025-02-26T11:26:07Z,Herringer Riffle,Herringer_east,Continue trapping,Processed fish,Trap functioning normally,8265.0,6.69999980926514,5.40000009536743,Yes,9.0,4.28000020980835
2,10713,2025-02-26T13:31:24Z,Eye Riffle,Eye riffle_north,Continue trapping,Processed fish,Trap functioning normally,3990.0,3.09999990463257,2.70000004768372,Yes,10.0,4.92000007629395
2,10716,2025-02-27T10:16:36Z,Eye Riffle,Eye riffle_north,Continue trapping,Processed fish,Trap functioning normally,3325.0,2.5,2.59999990463257,Yes,9.0,4.42999982833862
2,10718,2025-02-27T12:46:06Z,Herringer Riffle,Herringer_Upper_west,Continue trapping,Processed fish,Trap functioning normally,7125.0,3.90000009536743,3.90000009536743,Yes,10.0,5.53999996185303
2,10717,2025-02-27T12:49:24Z,Herringer Riffle,Herringer_east,Continue trapping,Processed fish,Trap functioning normally,9737.0,6.19999980926514,6.09999990463257,Yes,10.0,5.53999996185303
2,10721,2025-02-28T09:57:50Z,Herringer Riffle,Herringer_Upper_west,Continue trapping,Processed fish,Trap functioning normally,4750.0,4.09999990463257,3.59999990463257,Yes,9.5,5.42999982833862
2,10720,2025-02-28T10:05:37Z,Herringer Riffle,Herringer_east,Continue trapping,Processed fish,Trap functioning normally,4892.0,6.90000009536743,6.5,Yes,9.5,5.42999982833862
2,10719,2025-02-28T12:33:40Z,Eye Riffle,Eye riffle_north,Continue trapping,Processed fish,Trap functioning normally,7125.0,2.20000004768372,2.20000004768372,Yes,11.0,5.09999990463257
2,10722,2025-03-01T09:30:25Z,Eye Riffle,Eye riffle_north,Continue trapping,Processed fish,Trap functioning normally,2375.0,1.70000004768372,1.70000004768372,Yes,10.0,2.66000008583069
2,10726,2025-03-01T11:38:58Z,Herringer Riffle,Herringer_east,Continue trapping,Processed fish,Trap functioning normally,13252.0,6.30000019073486,6.30000019073486,Yes,9.5,3.92000007629395
2,10724,2025-03-01T12:33:14Z,Herringer Riffle,Herringer_Upper_west,Continue trapping,Processed fish,Trap functioning normally,5225.0,3.40000009536743,3.5,Yes,9.5,3.92000007629395
2,10723,2025-03-02T08:29:06Z,Eye Riffle,Eye riffle_north,Continue trapping,Processed fish,Trap functioning normally,2280.0,1.29999995231628,1.5,Yes,9.0,2.99000000953674
2,10727,2025-03-02T10:18:44Z,Herringer Riffle,Herringer_east,Continue trapping,Processed fish,Trap functioning normally,8740.0,6.5,6.09999990463257,Yes,9.5,3.05999994277954
2,10725,2025-03-02T10:55:15Z,Herringer Riffle,Herringer_Upper_west,Continue trapping,Processed fish,Trap functioning normally,3800.0,3.20000004768372,2.70000004768372,Yes,9.5,3.05999994277954
2,10728,2025-03-03T10:38:32Z,Eye Riffle,Eye riffle_north,Continue trapping,Processed fish,Trap functioning normally,2755.0,1.79999995231628,2.0,Yes,9.0,2.89000010490417
2,10731,2025-03-03T13:27:35Z,Herringer Riffle,Herringer_Upper_west,Continue trapping,Processed fish,Trap functioning normally,4275.0,2.59999990463257,4.0,Yes,10.0,3.85999989509583
2,10734,2025-03-03T13:37:20Z,Herringer Riffle,Herringer_east,Continue trapping,Processed fish,Trap functioning normally,10592.0,6.59999990463257,6.40000009536743,Yes,10.0,3.85999989509583
2,10735,2025-03-04T10:17:55Z,Herringer Riffle,Herringer_east,Continue trapping,Processed fish,Trap functioning normally,7980.0,6.40000009536743,6.5,Yes,9.0,3.47000002861023
2,10732,2025-03-04T10:25:27Z,Herringer Riffle,Herringer_Upper_west,Continue trapping,Processed fish,Trap functioning normally,5700.0,4.80000019073486,4.80000019073486,Yes,9.0,3.47000002861023
2,10729,2025-03-04T12:14:57Z,Eye Riffle,Eye riffle_north,Continue trapping,Processed fish,Trap functioning normally,3325.0,2.29999995231628,2.09999990463257,Yes,10.0,2.8199999332428
2,10733,2025-03-05T10:26:19Z,Herringer Riffle,Herringer_Upper_west,Continue trapping,Processed fish,Trap functioning normally,7125.0,4.80000019073486,4.5,Yes,9.0,4.15999984741211
2,10736,2025-03-05T10:52:42Z,Herringer Riffle,Herringer_east,Continue trapping,Processed fish,Trap functioning normally,9262.0,5.90000009536743,5.59999990463257,Yes,9.0,4.15999984741211
2,10730,2025-03-05T12:46:36Z,Eye Riffle,Eye riffle_north,Continue trapping,Processed fish,Trap functioning normally,2375.0,1.79999995231628,2.0,Yes,9.5,4.1100001335144
2,10738,2025-03-06T10:45:33Z,Herringer Riffle,Herringer_Upper_west,Continue trapping,Processed fish,Trap functioning normally,6650.0,5.09999990463257,5.09999990463257,Yes,9.0,2.77999997138977
2,10739,2025-03-06T10:45:49Z,Herringer Riffle,Herringer_east,Continue trapping,Processed fish,Trap functioning normally,9025.0,6.30000019073486,6.40000009536743,Yes,9.0,2.77999997138977
2,10737,2025-03-06T12:21:58Z,Eye Riffle,Eye riffle_north,Continue trapping,Processed fish,Trap functioning normally,2612.0,1.29999995231628,1.29999995231628,Yes,9.0,3.4300000667572
2,10743,2025-03-07T10:20:41Z,Herringer Riffle,Herringer_east,Continue trapping,Processed fish,Trap functioning normally,8645.0,6.40000009536743,6.5,Yes,9.0,3.69000005722046
2,10746,2025-03-07T10:20:56Z,Herringer Riffle,Herringer_Upper_west,Continue trapping,Processed fish,Trap functioning normally,6175.0,4.5,4.90000009536743,Yes,9.0,3.69000005722046
2,10740,2025-03-07T11:35:48Z,Eye Riffle,Eye riffle_north,Continue trapping,Processed fish,Trap functioning normally,1900.0,1.10000002384186,1.60000002384186,Yes,9.5,3.65000009536743
2,10747,2025-03-08T08:40:09Z,Herringer Riffle,Herringer_Upper_west,Continue trapping,Processed fish,Trap functioning normally,5700.0,4.69999980926514,4.30000019073486,Yes,9.0,6.5
2,10744,2025-03-08T08:44:09Z,Herringer Riffle,Herringer_east,Continue trapping,Processed fish,Trap functioning normally,8502.0,6.30000019073486,5.30000019073486,Yes,9.0,6.5
2,10741,2025-03-08T10:40:39Z,Eye Riffle,Eye riffle_north,Continue trapping,Processed fish,Trap functioning normally,1757.0,1.20000004768372,1.20000004768372,Yes,9.0,5.30999994277954
2,10748,2025-03-09T10:45:28Z,Herringer Riffle,Herringer_Upper_west,Continue trapping,Processed fish,Trap functioning normally,4750.0,2.5,2.70000004768372,Yes,9.0,2.98000001907349
2,10745,2025-03-09T10:58:06Z,Herringer Riffle,Herringer_east,Continue trapping,Processed fish,Trap functioning normally,7600.0,4.30000019073486,4.90000009536743,Yes,9.0,2.98000001907349
2,10742,2025-03-09T13:00:37Z,Eye Riffle,Eye riffle_north,Continue trapping,Processed fish,Trap functioning normally,1757.0,1.10000002384186,1.10000002384186,Yes,10.0,2.9300000667572
2,10750,2025-03-10T10:32:32Z,Herringer Riffle,Herringer_Upper_west,Continue trapping,Processed fish,Trap functioning normally,4275.0,3.09999990463257,3.29999995231628,Yes,10.0,3.57999992370605
2,10751,2025-03-10T10:38:22Z,Herringer Riffle,Herringer_east,Continue trapping,Processed fish,Trap functioning normally,7125.0,4.5,4.59999990463257,Yes,10.0,3.57999992370605
2,10749,2025-03-10T13:28:32Z,Eye Riffle,Eye riffle_north,Continue trapping,Processed fish,Trap functioning normally,1377.0,0.899999976158142,1.0,Yes,10.0,5.34999990463257
2,10754,2025-03-11T10:25:26Z,Herringer Riffle,Herringer_Upper_west,Continue trapping,Processed fish,Trap functioning normally,4750.0,3.5,3.59999990463257,Yes,9.5,2.86999988555908
2,10753,2025-03-11T10:28:49Z,Herringer Riffle,Herringer_east,Continue trapping,Processed fish,Trap functioning normally,7125.0,5.19999980926514,5.0,Yes,9.5,2.86999988555908
2,10752,2025-03-11T12:32:59Z,Eye Riffle,Eye riffle_north,Continue trapping,Processed fish,Trap functioning normally,1140.0,0.899999976158142,1.5,Yes,10.0,2.94000005722046
2,10757,2025-03-12T12:36:36Z,Herringer Riffle,Herringer_east,Continue trapping,Processed fish,Trap functioning normally,7505.0,4.69999980926514,4.90000009536743,Yes,10.0,3.1800000667572
2,10756,2025-03-12T13:06:00Z,Herringer Riffle,Herringer_Upper_west,Continue trapping,Processed fish,Trap functioning normally,4750.0,2.90000009536743,3.20000004768372,Yes,10.0,3.1800000667572
2,10755,2025-03-12T14:25:51Z,Eye Riffle,Eye riffle_north,Continue trapping,Processed fish,Trap functioning normally,2090.0,1.10000002384186,1.60000002384186,Yes,9.5,3.29999995231628
2,10759,2025-03-13T10:45:45Z,Herringer Riffle,Herringer_east,Continue trapping,Processed fish,Trap functioning normally,6222.0,4.80000019073486,4.59999990463257,Yes,9.0,3.60999989509583
2,10760,2025-03-13T11:09:07Z,Herringer Riffle,Herringer_Upper_west,Continue trapping,Processed fish,Trap functioning normally,3800.0,3.09999990463257,3.09999990463257,Yes,9.0,3.60999989509583
2,10758,2025-03-13T12:16:11Z,Eye Riffle,Eye riffle_north,Continue trapping,Processed fish,Trap functioning normally,1947.0,1.20000004768372,1.39999997615814,Yes,9.0,4.5
2,10773,2025-03-14T09:36:40Z,Herringer Riffle,Herringer_Upper_west,Continue trapping,Processed fish,Trap functioning normally,3800.0,3.0,2.79999995231628,Yes,8.0,4.63000011444092
2,10767,2025-03-14T09:49:22Z,Herringer Riffle,Herringer_east,Continue trapping,Processed fish,Trap functioning normally,6270.0,4.30000019073486,4.5,Yes,8.0,4.63000011444092
2,10761,2025-03-14T10:57:59Z,Eye Riffle,Eye riffle_north,Continue trapping,Processed fish,Trap functioning normally,1615.0,1.0,0.800000011920929,Yes,8.0,5.26000022888184
2,10762,2025-03-15T08:45:49Z,Eye Riffle,Eye riffle_north,Continue trapping,Processed fish,Trap functioning normally,570.0,0.699999988079071,0.800000011920929,Yes,7.0,5.38000011444092
2,10774,2025-03-15T10:20:09Z,Herringer Riffle,Herringer_Upper_west,Continue trapping,Processed fish,Trap functioning normally,3800.0,2.40000009536743,2.90000009536743,Yes,8.0,5.57000017166138
2,10768,2025-03-15T10:24:52Z,Herringer Riffle,Herringer_east,Continue trapping,Processed fish,Trap functioning normally,5557.0,3.90000009536743,4.09999990463257,Yes,8.0,5.57000017166138
2,10763,2025-03-16T08:31:40Z,Eye Riffle,Eye riffle_north,Continue trapping,Processed fish,Trap functioning normally,950.0,0.400000005960464,0.699999988079071,Yes,8.0,3.41000008583069
2,10769,2025-03-16T10:14:06Z,Herringer Riffle,Herringer_east,Continue trapping,Processed fish,Trap functioning normally,4750.0,4.19999980926514,5.19999980926514,Yes,8.0,4.48999977111816
2,10775,2025-03-16T10:14:28Z,Herringer Riffle,Herringer_Upper_west,Continue trapping,Processed fish,Trap functioning normally,3800.0,2.5,2.90000009536743,Yes,8.0,4.48999977111816
2,10776,2025-03-17T10:13:13Z,Herringer Riffle,Herringer_Upper_west,Continue trapping,Processed fish,Trap functioning normally,3325.0,2.90000009536743,3.40000009536743,Yes,8.5,3.5699999332428
2,10770,2025-03-17T10:47:08Z,Herringer Riffle,Herringer_east,Continue trapping,Processed fish,Trap functioning normally,7172.0,5.0,5.30000019073486,Yes,8.5,3.5699999332428
2,10764,2025-03-17T12:59:00Z,Eye Riffle,Eye riffle_north,Unplanned restart,Processed fish,Trap stopped functioning,712.0,0.0,0.899999976158142,Yes,8.0,3.6800000667572
2,10765,2025-03-18T10:10:38Z,Eye Riffle,Eye riffle_north,End trapping,Processed fish,Trap functioning but not normally,237.0,0.0,0.0,Yes,8.0,6.38000011444092
2,10777,2025-03-18T11:41:32Z,Herringer Riffle,Herringer_Upper_west,End trapping,Processed fish,Trap functioning normally,4275.0,3.09999990463257,,Yes,9.0,4.07999992370605
2,10771,2025-03-18T11:46:42Z,Herringer Riffle,Herringer_east,End trapping,Processed fish,Trap functioning normally,7125.0,5.19999980926514,,Yes,9.0,4.07999992370605
2,10778,2025-03-19T11:43:19Z,Herringer Riffle,Herringer_Upper_west,Start trap & begin trapping,Not applicable,Trap functioning normally,,3.0,,Yes,8.5,7.26000022888184
2,10772,2025-03-19T11:43:42Z,Herringer Riffle,Herringer_east,Start trap & begin trapping,Not applicable,Trap functioning normally,,,4.90000009536743,Yes,8.5,7.26000022888184
2,10766,2025-03-19T12:48:08Z,Eye Riffle,Eye riffle_north,Start trap & begin trapping,Not applicable,Trap functioning normally,,,2.70000004768372,Yes,9.0,4.09000015258789
2,10792,2025-03-19T14:27:34Z,Sunset Pumps,Sunset West bank,Start trap & begin trapping,Not applicable,Trap functioning normally,,,3.09999990463257,Yes,,
2,10793,2025-03-20T10:50:43Z,Sunset Pumps,Sunset West bank,Continue trapping,Processed fish,Trap functioning normally,3800.0,3.40000009536743,3.59999990463257,Yes,10.0,5.80999994277954
2,10781,2025-03-20T11:35:31Z,Herringer Riffle,Herringer_Upper_west,Continue trapping,Processed fish,Trap functioning normally,4275.0,2.79999995231628,3.0,Yes,9.0,5.80999994277954
2,10780,2025-03-20T11:40:31Z,Herringer Riffle,Herringer_east,Continue trapping,Processed fish,Trap functioning normally,6982.0,4.69999980926514,4.90000009536743,Yes,9.0,5.80999994277954
2,10779,2025-03-20T13:37:32Z,Eye Riffle,Eye riffle_north,Continue trapping,Processed fish,Trap functioning normally,,2.59999990463257,2.59999990463257,Yes,9.5,3.9300000667572
2,10786,2025-03-21T10:00:10Z,Herringer Riffle,Herringer_Upper_west,Continue trapping,Processed fish,Trap functioning normally,3325.0,2.59999990463257,2.59999990463257,Yes,9.0,6.63000011444092
2,10784,2025-03-21T10:09:20Z,Herringer Riffle,Herringer_east,Continue trapping,Processed fish,Trap functioning normally,6412.0,4.59999990463257,4.59999990463257,Yes,9.0,6.63000011444092
2,10782,2025-03-21T11:39:12Z,Eye Riffle,Eye riffle_north,Continue trapping,Processed fish,Trap functioning normally,3990.0,3.20000004768372,3.20000004768372,Yes,9.0,4.6100001335144
2,10794,2025-03-21T12:28:53Z,Sunset Pumps,Sunset West bank,Continue trapping,Processed fish,Trap functioning normally,5225.0,2.90000009536743,3.79999995231628,Yes,10.5,4.09999990463257
2,10795,2025-03-22T10:30:51Z,Sunset Pumps,Sunset West bank,Continue trapping,Processed fish,Trap functioning normally,,1.89999997615814,,Yes,11.0,4.55000019073486
2,10783,2025-03-22T10:40:31Z,Eye Riffle,Eye riffle_north,Continue trapping,Processed fish,Trap functioning normally,4797.0,3.29999995231628,4.30000019073486,Yes,9.0,3.53999996185303
2,10787,2025-03-22T12:16:42Z,Herringer Riffle,Herringer_Upper_west,Continue trapping,Processed fish,Trap functioning normally,3800.0,2.29999995231628,2.5,Yes,9.0,3.07999992370605
2,10785,2025-03-22T12:49:09Z,Herringer Riffle,Herringer_east,Continue trapping,Processed fish,Trap functioning normally,7552.0,4.59999990463257,4.80000019073486,Yes,9.0,3.07999992370605
2,10788,2025-03-23T08:37:58Z,Eye Riffle,Eye riffle_north,Continue trapping,Processed fish,Trap functioning normally,4987.0,4.0,3.90000009536743,Yes,9.0,3.24000000953674
2,10796,2025-03-23T09:21:00Z,Sunset Pumps,Sunset West bank,Continue trapping,Processed fish,Trap functioning normally,3800.0,3.5,3.79999995231628,Yes,11.0,3.82999992370605
2,10798,2025-03-23T10:06:07Z,Herringer Riffle,Herringer_east,Continue trapping,Processed fish,Trap functioning normally,5985.0,5.80000019073486,5.30000019073486,Yes,9.19999980926514,3.67000007629395
2,10802,2025-03-23T10:28:48Z,Herringer Riffle,Herringer_Upper_west,Continue trapping,Processed fish,Trap functioning normally,2850.0,2.40000009536743,3.0,Yes,9.19999980926514,3.67000007629395
2,10799,2025-03-24T10:36:35Z,Herringer Riffle,Herringer_east,Continue trapping,Processed fish,Trap functioning normally,6602.0,4.30000019073486,4.40000009536743,Yes,11.0,4.90999984741211
2,10803,2025-03-24T11:14:30Z,Herringer Riffle,Herringer_Upper_west,Continue trapping,Processed fish,Trap functioning normally,4750.0,3.29999995231628,3.29999995231628,Yes,11.0,4.90999984741211
2,10789,2025-03-24T13:10:47Z,Eye Riffle,Eye riffle_north,Continue trapping,Processed fish,Trap functioning normally,5557.0,2.59999990463257,2.70000004768372,Yes,10.0,2.58999991416931
2,10797,2025-03-24T13:27:42Z,Sunset Pumps,Sunset West bank,Continue trapping,Processed fish,Trap functioning normally,3800.0,2.09999990463257,2.29999995231628,Yes,10.5,5.15999984741211
2,10790,2025-03-25T11:10:02Z,Eye Riffle,Eye riffle_north,Continue trapping,Processed fish,Trap functioning normally,3325.0,2.0,2.0,Yes,10.0,3.15000009536743
2,10806,2025-03-25T12:35:37Z,Sunset Pumps,Sunset West bank,Continue trapping,Processed fish,Trap functioning normally,3325.0,2.5,2.29999995231628,Yes,12.0,3.55999994277954
2,10800,2025-03-25T12:42:58Z,Herringer Riffle,Herringer_east,Continue trapping,Processed fish,Trap functioning normally,6460.0,3.90000009536743,3.90000009536743,Yes,11.0,5.69000005722046
2,10804,2025-03-25T13:08:33Z,Herringer Riffle,Herringer_Upper_west,Continue trapping,Processed fish,Trap functioning normally,5700.0,3.5,4.0,Yes,11.0,5.69000005722046
2,10801,2025-03-26T10:25:29Z,Herringer Riffle,Herringer_east,Continue trapping,Processed fish,Trap functioning normally,5177.0,3.79999995231628,3.5,Yes,11.0,5.42999982833862
2,10805,2025-03-26T10:25:51Z,Herringer Riffle,Herringer_Upper_west,Continue trapping,Processed fish,Trap functioning normally,3800.0,3.20000004768372,2.90000009536743,Yes,11.0,5.42999982833862
2,10807,2025-03-26T12:11:41Z,Sunset Pumps,Sunset West bank,Continue trapping,Processed fish,Trap functioning normally,2850.0,2.09999990463257,2.09999990463257,Yes,12.5,3.65000009536743
2,10791,2025-03-26T12:30:28Z,Eye Riffle,Eye riffle_north,Continue trapping,Processed fish,Trap functioning normally,3277.0,1.79999995231628,2.20000004768372,Yes,11.5,3.52999997138977
2,10811,2025-03-27T10:57:53Z,Sunset Pumps,Sunset West bank,Continue trapping,Processed fish,Trap functioning normally,1900.0,1.29999995231628,2.09999990463257,Yes,12.0,2.72000002861023
2,10809,2025-03-27T11:30:08Z,Herringer Riffle,Herringer_Upper_west,Continue trapping,Processed fish,Trap functioning normally,2375.0,3.0,3.5,Yes,11.0,4.86999988555908
2,10810,2025-03-27T11:38:53Z,Herringer Riffle,Herringer_east,Continue trapping,Processed fish,Trap functioning normally,5415.0,3.79999995231628,4.59999990463257,Yes,11.0,4.86999988555908
2,10808,2025-03-27T13:30:04Z,Eye Riffle,Eye riffle_north,Continue trapping,Processed fish,Trap functioning normally,2707.0,1.5,2.0,Yes,10.5,2.55999994277954
2,10818,2025-03-28T09:46:48Z,Sunset Pumps,Sunset West bank,Continue trapping,Processed fish,Trap functioning normally,2375.0,2.0,1.10000002384186,Yes,12.0,2.35999989509583
2,10814,2025-03-28T10:50:28Z,Herringer Riffle,Herringer_east,Continue trapping,Processed fish,Trap functioning normally,4988.0,3.59999990463257,4.90000009536743,Yes,10.5,7.96999979019165
2,10813,2025-03-28T10:53:14Z,Herringer Riffle,Herringer_Upper_west,Continue trapping,Processed fish,Trap functioning normally,4750.0,3.59999990463257,3.70000004768372,Yes,10.5,7.96999979019165
2,10812,2025-03-28T12:38:41Z,Eye Riffle,Eye riffle_north,Continue trapping,Processed fish,Trap functioning normally,3325.0,2.09999990463257,2.40000009536743,Yes,10.0,2.71000003814697
2,10817,2025-03-29T09:04:11Z,Eye Riffle,Eye riffle_north,Continue trapping,Processed fish,Trap functioning normally,3230.0,2.5,2.59999990463257,Yes,8.5,2.36999988555908
2,10819,2025-03-29T09:26:17Z,Sunset Pumps,Sunset West bank,Continue trapping,Processed fish,Trap functioning normally,2375.0,1.70000004768372,1.60000002384186,Yes,12.0,5.5
2,10815,2025-03-29T10:32:01Z,Herringer Riffle,Herringer_east,Continue trapping,Processed fish,Trap functioning normally,6697.0,5.0,5.0,Yes,10.0,3.28999996185303
2,10816,2025-03-29T10:57:12Z,Herringer Riffle,Herringer_Upper_west,Continue trapping,Processed fish,Trap functioning normally,4750.0,3.0,3.5,Yes,10.0,3.28999996185303
2,10820,2025-03-30T08:39:10Z,Eye Riffle,Eye riffle_north,Continue trapping,Processed fish,Trap functioning normally,2517.0,1.39999997615814,2.5,Yes,9.5,2.79999995231628
2,10826,2025-03-30T10:31:08Z,Sunset Pumps,Sunset West bank,Continue trapping,Processed fish,Trap functioning normally,2375.0,1.39999997615814,1.70000004768372,Yes,12.0,3.77999997138977
2,10822,2025-03-30T10:51:24Z,Herringer Riffle,Herringer_east,Continue trapping,Processed fish,Trap functioning normally,6555.0,4.59999990463257,5.0,Yes,10.0,2.78999996185303
2,10824,2025-03-30T11:15:31Z,Herringer Riffle,Herringer_Upper_west,Continue trapping,Processed fish,Trap functioning normally,,3.20000004768372,3.0,Yes,10.0,2.78999996185303
2,10823,2025-03-31T10:05:20Z,Herringer Riffle,Herringer_east,Continue trapping,Processed fish,Trap functioning normally,5415.0,4.09999990463257,5.30000019073486,Yes,10.0,3.71000003814697
2,10825,2025-03-31T10:08:44Z,Herringer Riffle,Herringer_Upper_west,Continue trapping,Processed fish,Trap functioning normally,3800.0,3.59999990463257,3.0,Yes,10.0,3.71000003814697
2,10827,2025-03-31T12:29:42Z,Eye Riffle,Eye riffle_north,Continue trapping,Processed fish,Trap functioning normally,2517.0,1.5,1.70000004768372,Yes,10.0,4.30999994277954
2,10828,2025-03-31T13:02:09Z,Sunset Pumps,Sunset West bank,Continue trapping,Processed fish,Trap functioning normally,2375.0,1.60000002384186,2.0,Yes,13.0,4.92000007629395
2,10834,2025-04-01T11:00:36Z,Herringer Riffle,Herringer_Upper_west,Continue trapping,Processed fish,Trap functioning normally,5225.0,3.59999990463257,3.0,Yes,10.0,6.34999990463257
2,10833,2025-04-01T11:15:50Z,Herringer Riffle,Herringer_east,Continue trapping,Processed fish,Trap functioning normally,7267.0,4.90000009536743,4.40000009536743,Yes,10.0,6.34999990463257
2,10829,2025-04-01T12:38:57Z,Sunset Pumps,Sunset West bank,Continue trapping,Processed fish,Trap functioning normally,1900.0,1.0,2.0,Yes,11.0,2.79999995231628
2,10831,2025-04-01T12:45:06Z,Eye Riffle,Eye riffle_north,Continue trapping,Processed fish,Trap functioning normally,4417.0,1.39999997615814,1.79999995231628,Yes,10.0,9.40999984741211
2,10836,2025-04-02T09:00:38Z,Herringer Riffle,Herringer_east,Continue trapping,Processed fish,Trap functioning normally,6127.0,4.40000009536743,4.59999990463257,Yes,9.0,2.69000005722046
2,10835,2025-04-02T09:01:15Z,Herringer Riffle,Herringer_Upper_west,Continue trapping,Processed fish,Trap functioning normally,4275.0,2.90000009536743,3.29999995231628,Yes,9.0,2.69000005722046
2,10832,2025-04-02T10:10:17Z,Eye Riffle,Eye riffle_north,Continue trapping,Processed fish,Trap functioning normally,1947.0,1.5,1.70000004768372,Yes,9.0,4.51999998092651
2,10830,2025-04-02T14:50:28Z,Sunset Pumps,Sunset West bank,Continue trapping,Processed fish,Trap functioning normally,1900.0,1.20000004768372,1.79999995231628,Yes,13.0,2.84999990463257
2,10838,2025-04-03T10:24:21Z,Herringer Riffle,Herringer_Upper_west,Continue trapping,Processed fish,Trap functioning normally,5225.0,2.5,4.5,Yes,9.5,4.96000003814697
2,10837,2025-04-03T10:24:48Z,Herringer Riffle,Herringer_east,Continue trapping,Processed fish,Trap functioning normally,6697.0,4.5,4.90000009536743,Yes,9.5,4.96000003814697
2,10849,2025-04-03T10:54:33Z,Sunset Pumps,Sunset West bank,Continue trapping,Processed fish,Trap functioning normally,1425.0,1.10000002384186,1.20000004768372,Yes,11.0,4.40999984741211
2,10839,2025-04-03T11:46:23Z,Eye Riffle,Eye riffle_north,Continue trapping,Processed fish,Trap functioning normally,2232.0,1.29999995231628,1.39999997615814,Yes,9.5,6.15000009536743
2,10850,2025-04-04T09:21:24Z,Sunset Pumps,Sunset West bank,Continue trapping,Processed fish,Trap functioning normally,1900.0,1.60000002384186,1.20000004768372,Yes,10.0,3.24000000953674
2,10843,2025-04-04T09:53:35Z,Herringer Riffle,Herringer_east,Continue trapping,Processed fish,Trap functioning normally,6412.0,4.30000019073486,4.59999990463257,Yes,10.0,2.95000004768372
2,10846,2025-04-04T10:12:49Z,Herringer Riffle,Herringer_Upper_west,Continue trapping,Processed fish,Trap functioning normally,4750.0,2.90000009536743,3.20000004768372,Yes,10.0,2.95000004768372
2,10840,2025-04-04T11:25:36Z,Eye Riffle,Eye riffle_north,Continue trapping,Processed fish,Trap functioning normally,1757.0,1.10000002384186,2.40000009536743,Yes,11.0,3.16000008583069
2,10851,2025-04-05T09:45:45Z,Sunset Pumps,Sunset West bank,Continue trapping,Processed fish,Trap functioning normally,1900.0,1.20000004768372,1.39999997615814,Yes,11.0,4.01999998092651
2,10841,2025-04-05T09:50:05Z,Eye Riffle,Eye riffle_north,Continue trapping,Processed fish,Trap functioning normally,2327.0,1.39999997615814,2.20000004768372,Yes,11.0,3.17000007629395
2,10847,2025-04-05T10:57:39Z,Herringer Riffle,Herringer_Upper_west,Continue trapping,Processed fish,Trap functioning normally,3800.0,2.20000004768372,2.59999990463257,Yes,10.5,3.10999989509583
2,10844,2025-04-05T11:12:12Z,Herringer Riffle,Herringer_east,Continue trapping,Processed fish,Trap functioning normally,6270.0,4.0,4.0,Yes,10.5,3.10999989509583
2,10845,2025-04-06T07:32:26Z,Herringer Riffle,Herringer_east,Continue trapping,Processed fish,Trap functioning normally,4895.0,3.59999990463257,5.30000019073486,Yes,11.0,4.61999988555908
2,10848,2025-04-06T09:45:36Z,Herringer Riffle,Herringer_Upper_west,Continue trapping,Processed fish,Trap functioning normally,2850.0,1.79999995231628,3.40000009536743,Yes,11.0,4.61999988555908
2,10842,2025-04-06T11:07:07Z,Eye Riffle,Eye riffle_north,Continue trapping,Processed fish,Trap functioning normally,2375.0,1.20000004768372,2.29999995231628,Yes,11.0,2.70000004768372
2,10858,2025-04-06T12:41:29Z,Sunset Pumps,Sunset West bank,Continue trapping,Processed fish,Trap functioning normally,1900.0,1.60000002384186,1.29999995231628,Yes,12.0,2.86999988555908
2,10854,2025-04-07T10:30:15Z,Herringer Riffle,Herringer_east,Continue trapping,Processed fish,Trap functioning normally,7457.0,4.59999990463257,4.59999990463257,Yes,11.0,2.67000007629395
2,10853,2025-04-07T12:25:24Z,Herringer Riffle,Herringer_Upper_west,Continue trapping,Processed fish,Trap functioning normally,4750.0,2.59999990463257,2.59999990463257,Yes,11.0,2.67000007629395
2,10852,2025-04-07T12:35:48Z,Eye Riffle,Eye riffle_north,Continue trapping,Processed fish,Trap functioning normally,2422.0,1.29999995231628,2.79999995231628,Yes,10.5,2.79999995231628
2,10859,2025-04-07T12:40:35Z,Sunset Pumps,Sunset West bank,Continue trapping,Processed fish,Trap functioning normally,1425.0,0.899999976158142,0.5,Yes,11.0,3.59999990463257
2,10857,2025-04-08T10:09:49Z,Herringer Riffle,Herringer_Upper_west,Continue trapping,Processed fish,Trap functioning normally,3800.0,2.0,3.70000004768372,Yes,11.5,2.57999992370605
2,10856,2025-04-08T10:15:07Z,Herringer Riffle,Herringer_east,Continue trapping,Processed fish,Trap functioning normally,6412.0,4.19999980926514,4.59999990463257,Yes,11.5,2.57999992370605
2,10860,2025-04-08T11:58:07Z,Sunset Pumps,Sunset West bank,Continue trapping,Processed fish,Trap functioning normally,1425.0,1.20000004768372,1.0,Yes,11.0,2.84999990463257
2,10855,2025-04-08T12:29:30Z,Eye Riffle,Eye riffle_north,Continue trapping,Processed fish,Trap functioning normally,3135.0,1.79999995231628,2.79999995231628,Yes,11.5,5.23000001907349
